﻿index,freq,question,answer,explanation,reference
1,1,広く会計といえば、「情報を提供されたものが適切な判断と意思決定ができるように、経済主体の経済活動を記録･測定して伝達する手続」とされている。,1,広く会計といえば、「情報を提供されたものが適切な判断と意思決定ができるように、経済主体の経済活動を記録･測定して伝達する手続」とされている。,第1章 1
2,2,財務会計とは、意思決定を行い、または経営活動の成果を分析・評価するのに有用な会計情報を経営者その他の管理者に提供するための会計であるのに対して、管理会計とは、企業の経済情報を外部の第三者に正確に報告することを目的とする会計である。,0,管理会計とは、意思決定を行い、または経営活動の成果を分析・評価するのに有用な会計情報を経営者その他の管理者に提供するための会計であるのに対して、財務会計とは、企業の経済情報を外部の第三者に正確に報告することを目的とする会計である。,第1章 1
3,1,財務会計が未来の予測効果を重要視している点に特色があるのに対して、管理会計は現在または過去の企業の情報提供を主目的としている。,0,管理会計が未来の予測効果を重要視している点に特色があるのに対して、財務会計は現在または過去の企業の情報提供を主目的としている。,第1章 1
4,1,企業会計の柱となる三つの基礎的前提を会計公準という。会計公準には、企業実体の公準、継続企業の公準、時間的評価の公準がある。,0,企業会計の柱となる三つの基礎的前提を会計公準という。会計公準には、企業実体の公準、継続企業の公準、貨幣的評価の公準がある。,第1章 2
5,,企業実体の公準から、企業範囲の測定期間を1年や半年といった人為的に区切った会計期間を定めている。今日の企業会計は、この会計期間ごとに財政状態および経営成績を公表している。,0,継続企業の公準から、企業範囲の測定期間を1年や半年といった人為的に区切った会計期間を定めている。今日の企業会計は、この会計期間ごとに財政状態および経営成績を公表している。,第1章 2
6,,継続企業の公準により、企業を、その所有者の手から分離された一つの実体としてとらえることができ、その前提に立つことで､例えば、資産は企業それ自体の財産であり、所有者の財産と分離することができる。,0,企業実体の公準により、企業を、その所有者の手から分離された一つの実体としてとらえることができ、その前提に立つことで､例えば、資産は企業それ自体の財産であり、所有者の財産と分離することができる。,第1章 2
7,2,簿記は、企業が行う経済活動(商品の仕入・販売、物品の購入、経費の支払など)を貨幣額で計算し、測定し、記録してその結果を内部関係者へ報告するためのものである。,0,簿記は、企業が行う経済活動(商品の仕入・販売、物品の購入、経費の支払など)を貨幣額で計算し、測定し、記録してその結果を株主、債権者などの外部利害関係者へ報告するためのものである。,第2章 1 (1)
8,,企業の経済活動を記帳・計算するのが簿記であるが、経済活動のすべてを記帳・計算するわけではない。その取引が、資産・負債または純資産(資本)を増減させる場合、会計上の取引として記帳・計算をする。,1,企業の経済活動を記帳・計算するのが簿記であるが、経済活動のすべてを記帳・計算するわけではない。その取引が、資産・負債または純資産(資本)を増減させる場合、会計上の取引として記帳・計算をする。,第2章 1 (3)
9,2,企業の経済活動のすべてを記帳・計算するのが簿記である。たとえば、電力会社と電力供給の契約を締結した場合、契約締結の時点でそれぞれに「電力を供給する義務」と「電力の供給を受ける権利」が発生することから、この時点で会計上の取引と認識し、記帳・計算を行う。,0,企業の経済活動のすべてを記帳・計算するのが簿記である。たとえば、電力会社と電力供給の契約を締結した場合、契約締結の時点でそれぞれに「電力を供給する義務」と「電力の供給を受ける権利」が発生するが、この時点で会計上の取引とはならない。,第2章 1 (3)
10,3,通常発生する取引の8要素の組合せについて（借方）資産の減少　(貸方）負債の増加,0,通常発生する取引の8要素の組合せについて（借方）資産の増加（貸方）負債の増加,第2章 1 (4)
11,2,通常発生する取引の8要素の組合せについて（借方）費用の発生　(貸方）収益の発生,0,通常発生する取引の8要素の組合せについて（借方）費用の発生（貸方）資産の減少 または 負債の増加,第2章 1 (4)
12,1,企業の経済活動が､会計上の取引となった場合､記帳すべき勘定科目、貸方・借方、金額を決めることを「転記」という。,0,企業の経済活動が､会計上の取引となった場合､記帳すべき勘定科目、貸方・借方、金額を決めることを「仕訳」という。,第2章 1 (4)
13,2,会計上の取引では、ある勘定の借方に記帳されると必ずほかの勘定の貸方に記帳され、金額も必ず等しく記帳される。このことにより、すべての勘定の借方の合計額と貸方の合計額は、必ず等しくなる関係を、「貸借平均の原理」という。,1,会計上の取引では、ある勘定の借方に記帳されると必ずほかの勘定の貸方に記帳され、金額も必ず等しく記帳される。このことにより、すべての勘定の借方の合計額と貸方の合計額は、必ず等しくなる関係を、「貸借平均の原理」という。,第2章 1 (4)
14,2,"商品をA社に販売し、代金5,000円は、掛とした。この取引の仕訳は以下のとおり。（借方）売掛金　5,000 （貸方）売上　5,000",1,"商品をA社に販売し、代金5,000円は、掛とした。この取引の仕訳は以下のとおり。（借方）売掛金　5,000 （貸方）売上　5,000",第2章 1 (4)
15,2,取引の要素の増減・発生を記帳・計算する単位のことを「勘定」という。この勘定につけられた名称を勘定科目といい、この勘定科目別の記帳・計算を行うための帳簿を精算表という。,0,取引の要素の増減・発生を記帳・計算する単位のことを「勘定」という。この勘定につけられた名称を勘定科目といい、この勘定科目別の記帳・計算を行うための帳簿を総勘定元帳という。,第2章 1 (5)
16,,資産勘定のうち繰延資産には、創立費、開業費、開発費等がある。,1,資産勘定のうち繰延資産には、創立費、開業費、開発費等がある。,第2章 1 (5)
17,,負債勘定のうち固定負債には、社債、長期借入金等がある。,1,負債勘定のうち固定負債には、社債、長期借入金等がある。,第2章 1 (5)
18,2,取引が、仕訳されたあと、取引の要素ごとに計算するため、総勘定元帳の該当の勘定科目に金額を記帳することを、「元帳の締切」という。,0,取引が、仕訳されたあと、取引の要素ごとに計算するため、総勘定元帳の該当の勘定科目に金額を記帳することを、「転記」という。,第2章 1 (5)
19,2,帳簿には、主要簿と補助簿があり、このうち補助簿には補助記入帳と補助元帳がある。補助元帳には売上帳、商品有高帳、固定資産台帳などがある。,0,帳簿には、主要簿と補助簿があり、このうち補助簿には補助記入帳と補助元帳がある。補助元帳には売掛金元帳、商品有高帳、固定資産台帳などがある。,第2章 2
20,2,試算表は、総勘定元帳の各勘定の残高または合計額を集計して作成する。その主な目的は、仕訳帳から総勘定元帳への転記が正しいか検証することにある。,1,試算表は、総勘定元帳の各勘定の残高または合計額を集計して作成する。その主な目的は、仕訳帳から総勘定元帳への転記が正しいか検証することにある。,第2章 3 (2)
21,1,試算表は、その機能により合計試算表、残高試算表、合計残高試算表の3つに区分される。,1,試算表は、その機能により合計試算表、残高試算表、合計残高試算表の3つに区分される。,第2章 3 (2)
22,1,合計試算表は、総勘定元帳の各勘定科目の借方合計と貸方合計を集計して作成する。これは、総勘定元帳の借方・貸方の一致を検証するとともに、経営成績と財政状態の概要を表わすことになる。,0,合計試算表は、総勘定元帳の各勘定科目の借方合計と貸方合計を集計して作成する。これは、総勘定元帳の借方・貸方の一致を検証するとともに、一定期間の会計取引の合計を表わすことになる。,第2章 3 (2)
23,,総勘定元帳の残高が、その会計期末の資産・負債・純資産の在高を、またその会計期間の収益・費用の発生額を正しく表わしているとはかぎらないため、決算にあたって、期末在高、期中発生額を正しく計算する必要がある。この修正・整理する手続を決算整理という。,1,総勘定元帳の残高が、その会計期末の資産・負債・純資産の在高を、またその会計期間の収益・費用の発生額を正しく表わしているとはかぎらないため、決算にあたって、期末在高、期中発生額を正しく計算する必要がある。この修正・整理する手続を決算整理という。,第2章 3 (4)
24,2,財務諸表のうち、貸借対照表は、企業の一会計期間の経営成績を明らかにするため、すべての収益とこれに対応するすべての費用とを記載し、株主、債権者などの外部利害関係者に報告するものである。,0,財務諸表のうち、損益計算書は、企業の一会計期間の経営成績を明らかにするため、すべての収益とこれに対応するすべての費用とを記載し、株主、債権者などの外部利害関係者に報告するものである。,第2章 4 (1)
25,2,株主資本等変動計算書は、資本金と繰越利益剰余金の当期末残高がそれぞれ貸借対照表と一致する。,1,株主資本等変動計算書は、資本金と繰越利益剰余金の当期末残高がそれぞれ貸借対照表と一致する。,第2章 4 (3)
26,2,「企業会計原則」の構成は、一般原則、損益計算書原則および貸借対照表原則の三つの柱からなる。一般原則は、主に会計情報の報告に主点をおく、いわゆる「報告原則」としての色彩が強いが、損益計算書原則および貸借対照表原則は、報告のみならず、その基礎となる記録、測定といった「処理原則」の性格を併せ持っている。,0,「企業会計原則」の構成は、一般原則、損益計算書原則および貸借対照表原則の三つの柱からなる。損益計算書原則および貸借対照表原則は、主に会計情報の報告に主点をおく、いわゆる「報告原則」としての色彩が強いが、一般原則は報告のみならず､その基礎となる記録、測定といった「処理原則」の性格を併せ持っている。,第3章 1 リード
27,2,真実性の原則……「企業会計は、企業の財政状態及び経営成績に関して、真実な報告を提供するものでなければならない｡」,1,真実性の原則……「企業会計は、企業の財政状態及び経営成績に関して、真実な報告を提供するものでなければならない｡」,第3章 1 (1)
28,,保守主義の原則……「企業会計は、その処理の原則及び手続きを毎期継続して適用し、みだりにこれを変更してはならない｡」,0,継続性の原則……「企業会計は、その処理の原則及び手続きを毎期継続して適用し、みだりにこれを変更してはならない｡」,第3章 1 (5)
29,,継続性の原則……「企業の財政に不利な影響を及ぼす可能性がある場合には、これに備えて適当に健全な会計処理をしなければならない｡」,0,保守主義の原則……「企業の財政に不利な影響を及ぼす可能性がある場合には、これに備えて適当に健全な会計処理をしなければならない｡」,第3章 1 (6)
30,1,単一性の原則……「株主総会提出のため、信用目的のため、租税目的のため等種々の目的のために異なる形式の財務諸表を作成する必要がある場合、それらの内容は、信頼しうる会計記録に基づいて作成されたものであって、政策の考慮のために事実の真実な表示をゆがめてはならない｡」,1,単一性の原則……「株主総会提出のため、信用目的のため、租税目的のため等種々の目的のために異なる形式の財務諸表を作成する必要がある場合、それらの内容は、信頼しうる会計記録に基づいて作成されたものであって、政策の考慮のために事実の真実な表示をゆがめてはならない｡」,第3章 1 (7)
31,2,株主配当については、旧商法では企業が株主へ配当を行うのは年2回までに制限されていたが、会社法では、株主総会の決議があれば年4回配当を出すことが可能となった。,0,株主配当については、旧商法では企業が株主へ配当を行うのは年2回までに制限されていたが、会社法では、株主総会の決議があればいつでも配当を出すことが可能となった。,第3章 2 (1)
32,2,金融商品取引法において、有価証券の流通市場における開示書類とされているのは「有価証券報告書」「半期報告書」「臨時報告書」等であり、「四半期報告書」は上場会社等が自主的に開示しているもので、金融商品取引法で開示が求められているものではない。,0,金融商品取引法において、有価証券の流通市場における開示書類とされているのは「有価証券報告書」「半期報告書」「四半期報告書」「臨時報告書」等である。,第3章 2 (2)
33,3,法人税法は､法人の所得に対する課税上の措置に関する定めであり、その目的は課税の公平性を保つために課税所得を正確に導くことにある。したがって、税務会計には、会計情報の開示という機能がその中に含まれており、会社法･金融商品取引法に基づく会計と同じである。,0,法人税法は､法人の所得に対する課税上の措置に関する定めであり、その目的は課税の公平性を保つために課税所得を正確に導くことにある。したがって、税務会計には、会計情報の開示という機能は含まれていないという点で、会社法・金融商品取引法に基づく会計とは異なっている。,第3章 2 (3)
34,2,法人税の課税所得の計算においては「企業会計原則」を中心とした会計慣行が重要な役割を持つこととなり、逆に税法基準の処理が企業会計上の処理に影響する事例も多い。,1,法人税の課税所得の計算においては「企業会計原則」を中心とした会計慣行が重要な役割を持つこととなり、逆に税法基準の処理が企業会計上の処理に影響する事例も多い。,第3章 2 (3)
35,3,消費税は、財・サービスの消費に対し課税されるものであり、計算過程においては、会計帳簿上の数値を計算根拠としていないが、会計数値の開示および利益計算をその目的としているため、制度会計の領域にかかわるものである。,0,消費税は、財・サービスの消費に対し課税されるものであり、計算過程においては、会計帳簿上の数値を計算根拠としているが、会計数値の開示および利益計算をその目的としていないため、制度会計の領域にかかわりをもたないものである。,第3章 2 (3)
36,2,消費税は、売上による預り消費税(仮受消費税)からこれに対応する仕入に係る支払消費税(仮払消費税)を控除した金額を未払金として資産に、課税されない売上に対応する自らが負担者となるべき消費税については税金として費用に計上されることとなる。,0,消費税は、売上による預り消費税(仮受消費税)からこれに対応する仕入に係る支払消費税(仮払消費税)を控除した金額を未払金として負債に、課税されない売上に対応する自らが負担者となるべき消費税については税金として費用に計上されることとなる。,第3章 2 (3)
37,1,生命保険会社の事業年度は、保険業法第109条において、4月1日から翌年3月31日までとされている。決算の目的は、各事業年度における経営成績の確定と、事業年度末における金利動向を把握することにある。,0,生命保険会社の事業年度は、保険業法第109条において、4月1日から翌年3月31日までとされている。決算の目的は、各事業年度における経営成績の確定と、事業年度末における財政状態を把握することにある。,第4章 4 リード
38,2,年度中は、保険料積立金の払戻しがあっても、満期保険金・解約返戻金・その他返戻金等それぞれの費用勘定で会計処理を行う。保険事故発生等による当年度費用の額の調整は決算期末において、前年度積立額を一旦戻し入れて収益に計上するとともに、当年度決算期に改めて計算された額を責任準備金として積立てを行い、満期保険金等の費用勘定そのものの修正は行わない。,1,年度中は、保険料積立金の払戻しがあっても、満期保険金・解約返戻金・その他返戻金等それぞれの費用勘定で会計処理を行う。保険事故発生等による当年度費用の額の調整は決算期末において、前年度積立額を一旦戻し入れて収益に計上するとともに、当年度決算期に改めて計算された額を責任準備金として積立てを行い、満期保険金等の費用勘定そのものの修正は行わない。,第4章 1 (2)
39,2,年度中では、収入のあった保険料は、翌年度以降の保険料に相当する部分についても、すべて保険料勘定に計上する。その未経過部分については、決算期末において、前年度積立額を一旦戻し入れて収益に計上するとともに、当年度決算期末の未経過期間に対応する額を、責任準備金として積立てを行い、保険料勘定の修正を行う。,0,年度中では、収入のあった保険料は、翌年度以降の保険料に相当する部分についても、すべて保険料勘定に計上する。その未経過部分については、決算期末において、前年度積立額を一旦戻し入れて収益に計上するとともに、当年度決算期末の未経過期間に対応する額を、責任準備金として積立てを行い、保険料勘定そのものの修正は行わない。,第4章 1 (2)
40,2,危険準備金は､保険契約に基づく将来の債務を確実に履行するため、将来発生が見込まれる危険に備える準備金であり、法人税法上、全額損金算入が認められている。,0,危険準備金は､保険契約に基づく将来の債務を確実に履行するため、将来発生が見込まれる危険に備える準備金であり、法人税法上、損金とはならない。,第4章 1 (2)
41,2,生命保険会計では、保険金等支払金の計上について、当期において支払事由が発生し未支払となっているもの、また、前年度において支払事由が発生し未支払の処理を行ったものについては、保険金等の各費用勘定で期間修正を行っている。,0,生命保険会計では、保険金等支払金の計上について、当期において支払事由が発生し未支払となっているもの、また、前年度において支払事由が発生し未支払の処理を行ったものについては、保険金等の各費用勘定で期間修正を行っていない。,第4章 2 (2)
42,,特別勘定独特の勘定科目としては、特別勘定と一般勘定の間で行われる勘定間取引を表わすのに使用する勘定科目があり、資産勘定、負債勘定の2勘定からなる。,0,特別勘定独特の勘定科目としては、特別勘定と一般勘定の間で行われる勘定間取引を表わすのに使用する勘定科目があり、資産勘定、負債勘定、費用勘定、収益勘定の4勘定からなる。,第4章 3 (1)
43,1,変額保険の保険料が顧客から入金されると、一旦その全額が一般勘定において保険料勘定で認識される。次に、特別勘定で運用される生存保険料部分だけが特別勘定に振替えられる。ただし、変額保険には死亡保険金に対する最低保証があるから最低保証を賄いうる危険保険料相当額は一般勘定に再振替する。,0,変額保険の保険料が顧客から入金されると、一旦その全額が一般勘定において保険料勘定で認識される。次に、特別勘定で運用される純保険料部分だけが特別勘定に振替えられる。ただし、変額保険には死亡保険金に対する最低保証があるから最低保証を賄いうる危険保険料相当額は一般勘定に再振替する。,第4章 3 (2)
44,,特別勘定は、保険業法上一般勘定とは明確に分離して運用することが定められており、一般勘定と特別勘定間のいわゆる勘定間取引については、事業方法書に定める金銭の振替を除き認められていない。事業方法書に定める金銭の振替の例として、変額保険の保険料が顧客から入金されると、一旦その全額が一般勘定において保険料勘定で認識される。次に、特別勘定で運用される生存保険料部分だけが特別勘定に振替えられる。,0,特別勘定は、保険業法上一般勘定とは明確に分離して運用することが定められており、一般勘定と特別勘定間のいわゆる勘定間取引については、事業方法書に定める金銭の振替を除き認められていない。事業方法書に定める金銭の振替の例として、変額保険の保険料が顧客から入金されると、一旦その全額が一般勘定において保険料勘定で認識される。次に、特別勘定で運用される純保険料部分だけが特別勘定に振替えられる。,第4章 3 (2)
45,2,特別勘定は一般勘定とは区分し、全く別の会計単位として記帳されているが、決算時にディスクローズ資料として、貸借対照表や損益計算書を作成する際には、両者を合併して一表にする必要がある。合併に当たっては、勘定間取引は同一企業間内部の取引なので相殺され、貸借対照表や損益計算書に記載されることはない。,1,特別勘定は一般勘定とは区分し、全く別の会計単位として記帳されているが、決算時にディスクローズ資料として、貸借対照表や損益計算書を作成する際には、両者を合併して一表にする必要がある。合併に当たっては、勘定間取引は同一企業間内部の取引なので相殺され、貸借対照表や損益計算書に記載されることはない。,第4章 3 (5)
46,1,「退職給付引当金」は、退職給付に関する会計基準に基づき、退職時に見込まれる退職給付のうち期末までに発生したと認められる額の割引現在価値から企業年金制度に基づいて退職給付に充てるために積み立てられている年金資産を差し引いた額を計上する。,1,「退職給付引当金」は、退職給付に関する会計基準に基づき、退職時に見込まれる退職給付のうち期末までに発生したと認められる額の割引現在価値から企業年金制度に基づいて退職給付に充てるために積み立てられている年金資産を差し引いた額を計上する。,第4章 4 (1)
47,2,デリバティブをヘッジ手段として用いている場合で一定の要件が満たされるときは、デリバティブの損益を損益計算書に反映させず、ヘッジ対象の資産・負債の決済時点まで資産又は負債に計上して繰り延べることができる。これをヘッジ会計という。,1,デリバティブをヘッジ手段として用いている場合で一定の要件が満たされるときは、デリバティブの損益を損益計算書に反映させず、ヘッジ対象の資産・負債の決済時点まで資産又は負債に計上して繰り延べることができる。これをヘッジ会計という。,第4章 4 (1)
48,,価格変動準備金は、将来の価格変動リスクに備えるための準備金であるが、他の引当金と異なり、純粋な会計学的見地からは、負債性に疑問があり、利益留保性の高い引当金とされる。また、同準備金は国税庁長官への不積立申請を行い、認可を得た場合には、その全部または一部を積み立てないことができる。,0,価格変動準備金は、将来の価格変動リスクに備えるための準備金であるが、他の引当金と異なり、純粋な会計学的見地からは、負債性に疑問があり、利益留保性の高い引当金とされる。また、同準備金は金融庁長官への不積立申請を行い、認可を得た場合には、その全部または一部を積み立てないことができる。,第4章 4 (1)
49,,価格変動準備金は、株式等の将来の価格変動リスクに備えるための準備金であるが、税法上の取扱いは、負債の部に計上されているものの資本勘定とみなし、繰入額は全額有税扱いである。,1,価格変動準備金は、株式等の将来の価格変動リスクに備えるための準備金であるが、税法上の取扱いは、負債の部に計上されているものの資本勘定とみなし、繰入額は全額有税扱いである。,第4章 4 (1)
50,1,生命保険相互会社の決算スケジュールは、定時社員総会(総代会)の4週間前までに総代会招集通知を発送し、事業年度終了後4カ月以内に業務報告書・連結業務報告書を提出、公衆縦覧資料の縦覧を開始することになっている。,0,生命保険相互会社の決算スケジュールは、定時社員総会(総代会)の2週間前までに総代会招集通知を発送し、事業年度終了後4カ月以内に業務報告書・連結業務報告書を提出、公衆縦覧資料の縦覧を開始することになっている。,第4章 4 (3)
51,2,連結と持分法による処理との間には、連結財務諸表における連結対象科目が全科目か1科目かという違いはあるが、当期損益及び純資産に与える影響は同じである。,1,連結と持分法による処理との間には、連結財務諸表における連結対象科目が全科目か1科目かという違いはあるが、当期損益及び純資産に与える影響は同じである。,第4章 5 (3)
52,3,連結子会社及び子法人等の範囲について、従来は会社が他の会社の意思決定機関を支配しているか否かによって実質的に判定していたが、現在は、議決権の所有割合(50％超で子会社及び子法人等)で形式的に判定する。,0,連結子会社及び子法人等の範囲について、現在は会社が他の会社の意思決定機関を支配しているか否かによって実質的に判定している。従来は、議決権の所有割合(50％超で子会社及び子法人等)で形式的に判定していた。,第4章 5 (3)
53,2,連結会社相互間(親会社と連結される子会社及び子法人等間、連結される子会社及び子法人等相互間)における、債権・債務及び収益・費用等の取引は、連結決算上消去しなければならないが、連結会社相互間の取引によって取得した資産に含まれる未実現損益は、消去する必要はない。,0,連結会社相互間(親会社と連結される子会社及び子法人等間、連結される子会社及び子法人等相互間)における、債権・債務及び収益・費用等の取引は、連結決算上消去しなければならない。連結会社相互間の取引によって取得した資産に含まれる未実現損益も、全額消去する必要がある。,第4章 5 (3)
54,1,連結決算において、資本連結とは、親会社の子会社及び子法人等に対する投資勘定とこれに対応する子会社及び子法人等の株主資本を相殺消去し、消去差額が生じた場合には当該差額を「有価証券勘定」に計上するとともに､子会社及び子法人等の資本のうち親会社に帰属しない部分を｢少数株主持分」に振り替える一連の手続をいう。,0,連結決算において、資本連結とは、親会社の子会社及び子法人等に対する投資勘定とこれに対応する子会社及び子法人等の株主資本を相殺消去し、消去差額が生じた場合には当該差額を「のれん(連結調整勘定)」に計上するとともに､子会社及び子法人等の資本のうち親会社に帰属しない部分を｢少数株主持分」に振り替える一連の手続をいう。,第4章 5 (3)
55,1,保険業法は、保険契約者の保護を目的として、1939年(昭和14年)に制定、1995年(平成7年)に全面改正された。最近では、保険募集の基本的ルールや体制整備義務等を定めた改正が2016年(平成28年)に施行されている。,1,保険業法は、保険契約者の保護を目的として、1939年(昭和14年)に制定、1995年(平成7年)に全面改正された。最近では、保険募集の基本的ルールや体制整備義務等を定めた改正が2016年(平成28年)に施行されている。,第4章 6 (1)
56,1,保険会社の計算書類について、株式会社、相互会社は、貸借対照表、損益計算書等を作成しなければならないが、株式会社はさらに剰余金処分に関する議案の作成が求められる。,0,保険会社の計算書類について、株式会社、相互会社は、貸借対照表、損益計算書等を作成しなければならないが、相互会社はさらに剰余金処分に関する議案の作成が求められる。,第4章 6 (1)
57,2,会計に関する保険業法と会社法との関連性においては、計算規定を中心に株式会社については保険業法を準用し、相互会社については会社法を中心に定めている。,0,会計に関する保険業法と会社法との関連性においては、計算規定を中心に株式会社については会社法を準用し、相互会社については保険業法を中心に定めている。,第4章 6 (1)
58,1,2005年(平成17年)に金融庁は事務ガイドラインを廃止し、保険会社向けの総合的な監督指針を発表した。本監督指針においては、保険会社の監督事務に関し、その基本的考え方、監督上の評価項目、事務処理上の留意点について、従来の事務ガイドラインの内容も踏まえ、体系的に整理した。,1,2005年(平成17年)に金融庁は事務ガイドラインを廃止し、保険会社向けの総合的な監督指針を発表した。本監督指針においては、保険会社の監督事務に関し、その基本的考え方、監督上の評価項目、事務処理上の留意点について、従来の事務ガイドラインの内容も踏まえ、体系的に整理した。,第4章 6 (2)
59,2,金融関連通達や事務連絡の廃止の際に、省令や告示に格上げされなかった会計に関する事項については、生命保険会社の標準的な取扱いを示すものとして、日本公認会計士協会により「生命保険会社における経理要領」が作成されている。,0,金融関連通達や事務連絡の廃止の際に、省令や告示に格上げされなかった会計に関する事項については、生命保険会社の標準的な取扱いを示すものとして、生命保険協会経理委員会により「生命保険会社における経理要領」が作成されている。,第4章 6 (3)
60,,一般の企業の資産勘定の区分は、流動資産に属する資産、固定資産に属する資産及び繰延資産に属する資産に区分することになっているが、生命保険会社の資産区分は、契約者への将来の保険金等支払に備えた積立金の裏付けとなる資産の内訳を表わすものとして、一般の企業とは違った区分となっている。,1,一般の企業の資産勘定の区分は、流動資産に属する資産、固定資産に属する資産及び繰延資産に属する資産に区分することになっているが、生命保険会社の資産区分は、契約者への将来の保険金等支払に備えた積立金の裏付けとなる資産の内訳を表わすものとして、一般の企業とは違った区分となっている。,第5章 1 (1)
61,1,有価証券のうち、「その他有価証券」は、保険会社の財務の特性により保険会社にのみ認められている区分であり、金利変動要因で時価が変動する債券のうち、リスク管理を適切に行っていること、資産・負債のデュレーション・マッチングの有効性の検証が行われている等の所定の要件を満たしている場合は、償却原価法により評価を行うことができる。,0,有価証券のうち、「責任準備金対応債券」は、保険会社の財務の特性により保険会社にのみ認められている区分であり、金利変動要因で時価が変動する債券のうち、リスク管理を適切に行っていること、資産・負債のデュレーション・マッチングの有効性の検証が行われている等の所定の要件を満たしている場合は、償却原価法により評価を行うことができる。,第5章 1 (2)
62,2,保険会社は特に開業当初において多額の事業費を要することにかんがみ、成立後の最初の10事業年度の事業費を、20年以内に償却することが認められている。,0,保険会社は特に開業当初において多額の事業費を要することにかんがみ、成立後の最初の5事業年度の事業費を、10年以内に償却することが認められている。,第5章 1 (2)
63,2,自社利用のソフトウェア制作費で、「将来の収益獲得または費用削減が確実」なものは無形固定資産として計上する。資産計上されたソフトウェア制作費は、原則として5年以内の利用可能期間で定率法により償却される。,0,自社利用のソフトウェア制作費で、「将来の収益獲得または費用削減が確実」なものは無形固定資産として計上する。資産計上されたソフトウェア制作費は、原則として5年以内の利用可能期間で定額法により償却される。,第5章 1 (2)
64,1,取得価額が、20万円未満または使用可能期間が3年未満の減価償却資産については、事業の用に供した日の属する事業年度で、損金経理をした場合、少額資産等の特例として、資産に計上しないことができる。,0,取得価額が、10万円未満または使用可能期間が1年未満の減価償却資産については、事業の用に供した日の属する事業年度で、損金経理をした場合、少額資産等の特例として、資産に計上しないことができる。,第5章 1 (2)
65,1,「仮受金」は、一定の契約に従い、継続して役務の提供を行う場合、いまだ提供していない役務に対し支払を受けた対価を計上する。生命保険会社においては、貸付金に係る前受利息、外貨建債権債務の為替予約に伴う為替差益の翌期以降に対応する額等が含まれる。,0,「前受収益」は、一定の契約に従い、継続して役務の提供を行う場合、いまだ提供していない役務に対し支払を受けた対価を計上する。生命保険会社においては、貸付金に係る前受利息、外貨建債権債務の為替予約に伴う為替差益の翌期以降に対応する額等が含まれる。,第5章 1 (2)
66,1,外貨預金の期末為替換算については、「外貨建取引等会計処理基準」によることとされており、決算は決算時レートで行う。,1,外貨預金の期末為替換算については、「外貨建取引等会計処理基準」によることとされており、決算は決算時レートで行う。,第5章 1 (2)
67,2,「代理店貸」には、代理店への債権額を計上する。代理店で取り扱った新契約、集金した保険料は、生命保険会社へ送金するが、着金する前に代理店からの報告に基づいて保険料収入処理する場合に、この科目を使用する。,1,「代理店貸」には、代理店への債権額を計上する。代理店で取り扱った新契約、集金した保険料は、生命保険会社へ送金するが、着金する前に代理店からの報告に基づいて保険料収入処理する場合に、この科目を使用する。,第5章 1 (2)
68,,払込みにより取得した有価証券は、払込んだ金額が取得価額とされる。,1,払込みにより取得した有価証券は、払込んだ金額が取得価額とされる。,第5章 1 (2)
69,1,有形固定資産の減価償却とは、建物、車輌、什器などの固定資産は、使用や時間の経過とともに価値が減少することから、この価値の減少額を使用期間にわたって費用として配分する手続のことで、法人税法では有形固定資産の種類にかかわらず減価償却の方法は自由に選定できる旨定められている。,0,有形固定資産の減価償却とは、建物、車輌、什器などの固定資産は、使用や時間の経過とともに価値が減少することから、この価値の減少額を使用期間にわたって費用として配分する手続のことで、法人税法では課税の公平を保つため、選定できる償却の方法が定められている。,第5章 1 (2)
70,1,負債は、買掛金、借入金などの債務を表し、一般の企業では、流動(短期)負債に属する負債、固定(長期)負債に属する負債に区分することになっており、生命保険会社においても、一般の企業と同様の区分をしている。,0,負債は、買掛金、借入金などの債務を表し、一般の企業では、流動(短期)負債に属する負債、固定(長期)負債に属する負債に区分することになっているが、生命保険会社においては、一般の企業と違った区分をしている。,第5章 2 (1)
71,2,価格変動準備金は、株式等、将来において価格変動による損失が生じ得るものとして内閣府令で定める資産について積み立てることを義務付けられたものであるが、積立基準や積立限度額については、特段定められていない。,0,価格変動準備金は、株式等、将来において価格変動による損失が生じ得るものとして内閣府令で定める資産について積み立てることを義務付けられたものである。資産ごとに定められた積立基準により計算された額を、積立限度額に達するまで価格変動準備金として積み立てることを義務付けている。,第5章 2 (2)
72,,「未払金」は、本来の営業取引以外の取引によって発生した債務で、代金の未支払額を計上するものであり、生命保険会社における不動産・動産等の買入代金の未支払金額は含まれない。ただし、団体保険・企業年金等の共同引受に伴う未支払金額等は含まれる。,0,「未払金」は、本来の営業取引以外の取引によって発生した債務で、代金の未支払額を計上するものであり、生命保険会社における不動産・動産等の買入代金額、団体保険・企業年金等の共同引受に伴う未支払金額等が含まれる。,第5章 2 (2)
73,1,「未払費用」は、一定の契約に従い、継続して役務の提供を受ける場合、既に提供された役務に対していまだその対価の支払が終わらないものを計上する。生命保険会社においては、未払事業費、未払税金、未払賞与(賞与引当金のことで、生命保険会社では未払費用としている)等が含まれる。なお、そのうちの未払賞与は、すべて損金算入が認められない。,1,「未払費用」は、一定の契約に従い、継続して役務の提供を受ける場合、既に提供された役務に対していまだその対価の支払が終わらないものを計上する。生命保険会社においては、未払事業費、未払税金、未払賞与(賞与引当金のことで、生命保険会社では未払費用としている)等が含まれる。なお、そのうちの未払賞与は、すべて損金算入が認められない。,第5章 2 (2)
74,,負債勘定のうち、「その他負債」における「減価償却債務」とは、有形固定資産の取得、建設、開発または通常の使用によって生じ、当該有形固定資産の除去に関して法令や契約で要求される法律上の義務およびそれに準ずるものと定義される。,0,負債勘定のうち、「その他負債」における「資産除去債務」とは、有形固定資産の取得、建設、開発または通常の使用によって生じ、当該有形固定資産の除去に関して法令や契約で要求される法律上の義務およびそれに準ずるものと定義される。,第5章 2 (2)
75,3,「退職給付引当金」は、退職給付に関する会計基準に基づき、退職給付債務の額（退職時に見込まれる退職給付の総額のうち、中間決算時までに発生していると認められる額を一定の割引率および予想される残存勤務期間に基づき割り引いて計算した額)に未認識過去勤務費用および数理計算上の差異を加減した額から年金資産の額を控除した額を計上する。,0,「退職給付引当金」は、退職給付に関する会計基準に基づき、退職給付債務の額（退職時に見込まれる退職給付の総額のうち、期末までに発生していると認められる額を一定の割引率および予想される残存勤務期間に基づき割り引いて計算した額)に未認識過去勤務費用および数理計算上の差異を加減した額から年金資産の額を控除した額を計上する。,第5章 2 (2)
76,,「代理店借」は、代理店への債権額を計上する。代理店手数料の未払分、代理店からの送金過剰分等が含まれる。,0,「代理店借」は、代理店への債務額を計上する。代理店手数料の未払分、代理店からの送金過剰分等が含まれる。,第5章 2 (2)
77,2,基金利息については、保険業法により純資産額から基金、損失填補準備金、基金償却積立金及び時価評価により増加した貸借対照表上の純資産額を控除した額を限度として支払うことができるとされている。,1,基金利息については、保険業法により純資産額から基金、損失填補準備金、基金償却積立金及び時価評価により増加した貸借対照表上の純資産額を控除した額を限度として支払うことができるとされている。,第5章 3 (2)
78,2,2001年(平成13年)の改正商法の施行により、取得財源の範囲内であれば目的の如何にかかわらず自己株式を取得し、さらにその後保管し続けることが容認されるようになった。これらに伴い、自己株式は、純資産の部に加算する形式で表示することとされた。,0,2001年(平成13年)の改正商法の施行により、取得財源の範囲内であれば目的の如何にかかわらず自己株式を取得し、さらにその後保管し続けることが容認されるようになった。これらに伴い、自己株式は、純資産の部から控除する形式で表示することとされた。,第5章 3 (2)
79,2,"相互会社においては、損失填補準備金は、担保資金を増強し、将来の損失に備えるため、保険業法により基金(基金償却積立金を含む)の総額(定款でこれを下回る額を定めたときは、その額)に達するまでは、毎決算期に剰余金の処分として支出する金額の1,000分の2以上を積み立てることが強制されている。",0,"相互会社においては、損失填補準備金は、担保資金を増強し、将来の損失に備えるため、保険業法により基金(基金償却積立金を含む)の総額(定款でこれを上回る額を定めたときは、その額)に達するまでは、毎決算期に剰余金の処分として支出する金額の1,000分の3以上を積み立てることが強制されている。",第5章 3 (2)
80,2,株式会社においては、資本準備金と利益準備金の合計が一定の額に達するまでは、剰余金の配当をする場合には、その配当により減少する剰余金の額の3分の1を資本準備金または利益準備金として積み立てなければならない。,0,株式会社においては、資本準備金と利益準備金の合計が一定の額に達するまでは、剰余金の配当をする場合には、その配当により減少する剰余金の額の5分の1を資本準備金または利益準備金として積み立てなければならない。,第5章 3 (2)
81,2,相互会社の基金を償却する場合に、保険業法によって、償却額と同額の積立てが義務付けられている。これが「基金償却積立金」である。,1,相互会社の基金を償却する場合に、保険業法によって、償却額と同額の積立てが義務付けられている。これが「基金償却積立金」である。,第5章 3 (2)
82,2,「その他有価証券評価差額金」は、その他有価証券の評価差額に税効果会計上の税効果相当額を加算した額を計上する。,0,「その他有価証券評価差額金」は、その他有価証券の評価差額から税効果会計上の税効果相当額を控除した額を計上する。,第5章 3 (2)
83,,生命保険会社の純資産勘定中の再評価積立金は株式会社だけに存在する積立金である。,0,生命保険会社の純資産勘定中の再評価積立金は相互会社だけに存在する積立金である。,第5章 3 (2)
84,2,収益に属する科目としての「保険料」は、現金主義により計上される。すなわち、当該会計期間に現実に入金があったものについてだけその計上がなされ、前納保険料は計上されない。期日前収入による保険料等のように、本来は次期以降の収益となるべきものについても、入金時点ですべて当期の保険料として計上する。これにより発生する期間損益の歪みの修正は、 費用収益対応の原則に従い、次期以降の期間に対応する部分の全額を、責任準備金に繰り入れ、費用として計上することにより行われる。,0,収益に属する科目としての「保険料」は、現金主義により計上される。すなわち、当該会計期間に現実に入金があったものについてだけその計上がなされ、未収保険料は計上されない。期日前収入による保険料等のように、本来は次期以降の収益となるべきものについても、入金時点ですべて当期の保険料として計上する。これにより発生する期間損益の歪みの修正は、 費用収益対応の原則に従い、 次期以降の期間に対応する部分の全額を、責任準備金に繰り入れ、費用として計上することにより行われる。,第5章 4 (3)
85,,「利息及び配当金等収入」には、預貯金利息、公社債利息、株式配当金(売買目的有価証券及び商品有価証券に係るものを含む｡)、貸付金利息、不動産賃貸料等が計上されるほか、コールローン利息､買入金銭債権利息、債務保証料等もその他の利息配当金として計上される。,0,「利息及び配当金等収入」には、預貯金利息、公社債利息、株式配当金(売買目的有価証券及び商品有価証券に係るものを除く｡)、貸付金利息、不動産賃貸料等が計上されるほか、コールローン利息、買入金銭債権利息、債務保証料等もその他の利息配当金として計上される。,第5章 4 (3)
86,,「保険業法第112条評価益」は、保険契約者への公平な配当および利益の確保を図るために、市場価格のある株式の評価換えによる利益の計上によって、責任準備金又は契約者配当準備金若しくは社員配当準備金に積み立てる場合には、保険業法第112条により内閣総理大臣の認可を受けて行うことが認められている。,1,「保険業法第112条評価益」は、保険契約者への公平な配当および利益の確保を図るために、市場価格のある株式の評価換えによる利益の計上によって、責任準備金又は契約者配当準備金若しくは社員配当準備金に積み立てる場合には、保険業法第112条により内閣総理大臣の認可を受けて行うことが認められている。,第5章 4 (3)
87,,「解約返戻金」は、保険契約の解約、保険金の減額等の場合に支払われ、個人保険および個人年金の契約については、各社ともおおむね純保険料式保険料積立金を基準に､経過10年未満の契約では一定の解約控除を行って算出した金額としており、団体定期保険、消費者信用団体生命保険、医療保障保険等の保険期間1年の掛け捨ての契約についても解約返戻金がある。,0,「解約返戻金」は、保険契約の解約、保険金の減額等の場合に支払われ、個人保険および個人年金の契約については、各社ともおおむね純保険料式保険料積立金を基準に､経過10年未満の契約では一定の解約控除を行って算出した金額としているが、団体定期保険、消費者信用団体生命保険、医療保障保険等の保険期間1年の掛け捨ての契約については解約返戻金がない。,第5章 4 (4)
88,,保険契約上の諸支払のうち、①契約の無効、取消し、解除による返戻金、②年齢訂正、種類変更による保険料差額または責任準備金差額は、「その他返戻金」に含まれる。,1,保険契約上の諸支払のうち、①契約の無効、取消し、解除による返戻金、②年齢訂正、種類変更による保険料差額または責任準備金差額は、「その他返戻金」に含まれる。,第5章 4 (4)
89,2,費用に属する科目としての「保険金」は、原則として死亡、満期等契約の消滅に伴う保険給付を指すのであるが、こども保険等の生存保険金および個人年金における死亡返戻金等は、「給付金」として処理される。,1,費用に属する科目としての「保険金」は、原則として死亡、満期等契約の消滅に伴う保険給付を指すのであるが、こども保険等の生存保険金および個人年金における死亡返戻金等は、「給付金」として処理される。,第5章 4 (4)
90,1,「給付金」は、傷害、入院、手術等の給付金で、主に主契約に付随する特約によって支払われるもので、保険金、年金以外の支払額を計上する科目である。なお、こども保険等の生存保険における被保険者死亡による死亡給付金､生存給付金付定期保険などの生存給付金等は｢その他返戻金」で処理される。,0,「給付金」は、傷害、入院、手術等の給付金で、主に主契約に付随する特約によって支払われるもので、保険金、年金以外の支払額を計上する科目である。なお、こども保険等の生存保険における被保険者死亡による死亡給付金､生存給付金付定期保険などの生存給付金等も含まれる。,第5章 4 (4)
91,2,固定資産の減損会計とは、固定資産の収益性の低下により投資額の回収が見込めなくなった場合に、一定の条件のもとで、回収可能性を反映させるように帳簿価額を減額し、将来に損失を繰り延べないために行われる会計処理のことをいう。,1,固定資産の減損会計とは、固定資産の収益性の低下により投資額の回収が見込めなくなった場合に、一定の条件のもとで、回収可能性を反映させるように帳簿価額を減額し、将来に損失を繰り延べないために行われる会計処理のことをいう。,第5章 4 (4)
92,2,減損会計の対象資産は、土地、建物等の有形固定資産で、営業権や特許権等の無形固定資産は対象とはならない。,0,減損会計の対象資産は、土地、建物等の有形固定資産だけでなく、営業権や特許権等の無形固定資産も対象となる。,第5章 4 (4)
93,2,減損会計の対象資産のうち、減損損失を認識すると判定されたものについては、帳簿価額を回収可能価額まで減額し、当該減少額を減損損失として貸借対照表に計上する。,0,減損会計の対象資産のうち、減損損失を認識すると判定されたものについては、帳簿価額を回収可能価額まで減額し、当該減少額を減損損失として損益計算書に計上する。,第5章 4 (4)
94,2,「保険金据置支払金」は、据置払取扱いにより保険金、給付金、配当金を据置いている場合、受取人からの請求若しくは据置期間の満了により支払われる金額を計上する。なお、据置期間に対応する利息は「支払利息」に計上される。,0,「保険金据置支払金」は、据置払取扱いにより保険金、給付金、配当金を据置いている場合、受取人からの請求若しくは据置期間の満了により支払われる金額を計上する。なお、据置期間に対応する利息も本科目に計上される。,第5章 4 (4)
95,2,解約返戻金は、保険契約の解約、保険金の減額等の場合に支払われる。通常約款上は、保険金、解約返戻金等を請求する権利は支払事由発生のときから3年間請求がないときは消滅する旨定めているので、責任準備金に積み立てられたそれらの契約上の諸支払も3年を経過したものは時効処理することとなる。,0,解約返戻金は、保険契約の解約、保険金の減額等の場合に支払われる。通常約款上は、保険金、解約返戻金等を請求する権利は支払事由発生のときから3年間請求がないときは消滅する旨定めているので、支払備金に積み立てられたそれらの契約上の諸支払も3年を経過したものは時効処理することとなる。,第5章 4 (4)
96,,生命保険会社が支払う税金のうち、法人税やそれを基礎として計算される都道府県民税・市町村民税については、損益計算書上、他の税金と合算して表示することができる。,0,生命保険会社が支払う税金のうち、法人税やそれを基礎として計算される都道府県民税・市町村民税については、損益計算書上、他の税金と区別して税引前当期剰余から控除する形式で表示される。,第5章 4 (4)
97,1,「為替差損」は、外貨建資産等について、決済若しくは決算時における換算に伴う差損を計上する(ただし、売買目的有価証券の換算差額を除く)。,1,「為替差損」は、外貨建資産等について、決済若しくは決算時における換算に伴う差損を計上する(ただし、売買目的有価証券の換算差額を除く)。,第5章 4 (4)
98,,「解約返戻金」には、保険契約の解約、保険金の減額等の場合の返戻金のほか、契約の無効、取消し、解除による返戻金や、前納保険料等の返金といった支払額も含まれる。,0,「解約返戻金」には、保険契約の解約、保険金の減額等の場合の返戻金が含まれ、契約の無効、取消し、解除による返戻金や、前納保険料等の返金といった支払額は「その他の返戻金」に含まれる。,第5章 4 (4)
99,2,費用に属する科目のうち、「年金」には、個人年金、財形年金または国民年金契約によって支払われる年金年額を計上する。また、こども保険の育英年金特約または団体定期保険の年金払特約による支払額も含まれる。なお、年金特約によらない保険金の単なる分割支払も含まれる。,0,費用に属する科目のうち、「年金」には、個人年金、財形年金または国民年金契約によって支払われる年金年額を計上する。また、こども保険の育英年金特約または団体定期保険の年金払特約による支払額も含まれる。なお、年金特約によらない保険金の単なる分割支払は年金に計上しない。,第5章 4 (4)
100,2,事業費とは、生命保険会社の事業運営に必要な諸経費のことであり、一般の事業会社でいう「固定費」に相当するもので、付加保険料の範囲のなかで賄う必要がある。税金や減価償却費、退職給付引当金繰入額なども事業費と同様に付加保険料の範囲内で賄うべき費用であるが、生命保険会社の損益計算書上では、事業費には含まれない。,0,事業費とは、生命保険会社の事業運営に必要な諸経費のことであり、一般の事業会社でいう「販売費及び一般管理費」に相当するもので、付加保険料の範囲のなかで賄う必要がある。税金や減価償却費、退職給付引当金繰入額なども事業費と同様に付加保険料の範囲内で賄うべき費用であるが、生命保険会社の損益計算書上では、事業費には含まれない。,第6章 1 (1)
101,,事業費は、付加保険料の構成要素に対応した支出実績を把握し、分析する必要があるため、通常「新契約費」「維持費」「減価償却費」に分類している。,0,事業費は、付加保険料の構成要素に対応した支出実績を把握し、分析する必要があるため、通常「新契約費」「維持費」「集金費」に分類している。,第6章 1 (3)
102,1,「費差損益」とは、利源分析を行う際に分類する6損益のひとつで、「予定事業費」と「事業費および事業費に準ずる経費」に関しその損益状況を把握するものである。,1,「費差損益」とは、利源分析を行う際に分類する6損益のひとつで、「予定事業費」と「事業費および事業費に準ずる経費」に関しその損益状況を把握するものである。,第6章 1 (5)
103,1,費差損益管理の課題は、適切な水準の費差配当を安定して実行できる費差益を確保していくことにある。このため、より多くの収入を得て、効率的な支出に努め、費差益を拡大させる必要があるが、収入管理と支出管理を比較すれば、経営としてより主体的に取り組めるのは収入管理である。,0,費差損益管理の課題は、適切な水準の費差配当を安定して実行できる費差益を確保していくことにある。このため、より多くの収入を得て、効率的な支出に努め、費差益を拡大させる必要があるが、収入管理と支出管理を比較すれば、経営としてより主体的に取り組めるのは支出管理である。,第6章 1 (5)
104,1,「事業費管理」は、通常、経営管理手法のひとつである予算制度を活用した事業費予算管理制度として行われている。,1,「事業費管理」は、通常、経営管理手法のひとつである予算制度を活用した事業費予算管理制度として行われている。,第6章 1 (5)
105,1,生命保険会社の経営目標は、保険料を構成する3要素、すなわち、予定死亡率、予定利率、予定事業費率に対して、実際の死亡率、利率、事業費率を改善し、契約者に配当金として還元することにある。このため、「予定」と「実際」の「差異」を把握し、その要因を各損益別に分析するために収支分析を行っている。,0,生命保険会社の経営目標は、保険料を構成する3要素、すなわち、予定死亡率、予定利率、予定事業費率に対して、実際の死亡率、利率、事業費率を改善し、契約者に配当金として還元することにある。このため、「予定」と「実際」の「差異」を把握し、その要因を各損益別に分析するために利源分析を行っている。,第6章 1 (5)
106,1,「利源分析」における損益分類は、「死差損益」「利差損益」「費差損益」の三損益を中心として、これに、「危険準備金損益」「為替損益」「その他の損益」を加え、全体を6個の損益としている。,0,「利源分析」における損益分類は、「死差損益」「利差損益」「費差損益」の三損益を中心として、これに、「責任準備金関係損益」、「価格変動損益」「その他の損益」を加え、全体を6個の損益としている。,第6章 2 (1)
107,1,保険業法および会社法の規定により、計算書類が株主総会(相互会社は総代会)において承認された場合、遅滞なく貸借対照表および損益計算書を公告することになっている。公告方法としては、①官報に記載、②日刊新聞に掲載、③電子公告、のいずれかを事業方法書で定めることができる。,0,保険業法および会社法の規定により、計算書類が株主総会(相互会社は総代会)において承認された場合、遅滞なく貸借対照表および損益計算書を公告することになっている。公告方法としては、①官報に記載、②日刊新聞に掲載、③電子公告、のいずれかを定款で定めることができる。,第6章 3 (1)
108,,生命保険会社は、計算書類が株主総会(相互会社は総代会)において承認された場合、遅滞なく貸借対照表および損益計算書を公告することになっている。なお、公告方法が日刊新聞に掲載する方法である場合は、貸借対照表の要旨および損益計算書の要旨を公告すれば足りるとされており、その様式は保険業法施行規則の別紙様式に定められている。,1,生命保険会社は、計算書類が株主総会(相互会社は総代会)において承認された場合、遅滞なく貸借対照表および損益計算書を公告することになっている。なお、公告方法が日刊新聞に掲載する方法である場合は、貸借対照表の要旨および損益計算書の要旨を公告すれば足りるとされており、その様式は保険業法施行規則の別紙様式に定められている。,第6章 3 (1)
109,2,生命保険会社に対しては、保険業法において、事業年度ごとに業務および財産の状況に関する事項を記載した説明資料の作成、縦覧が詳細に規定されているが、キャッシュ・フロー計算書は、縦覧の対象資料に含まれない。,0,生命保険会社に対しては、保険業法において、事業年度ごとに業務および財産の状況に関する事項を記載した説明資料の作成、縦覧が詳細に規定されているが、2000年度決算からキャッシュ・フロー計算書は、縦覧の対象資料に付け加えられた。,第6章 3 (1)
110,1,生命保険会社は、保険業法および会社法の規定により、株主総会(相互会社にあっては総代会)の会日より2週間前から、貸借対照表、損益計算書等の計算書類を本社・支社を問わず7年間備置することになっている。,0,生命保険会社は、保険業法および会社法の規定により、株主総会(相互会社にあっては総代会)の会日より2週間前から、貸借対照表、損益計算書等の計算書類を5年間本社に、その謄本を3年間支社に備置することになっている。,第6章 3 (1)
111,3,一般の企業と異なり生命保険会社の決算は年1回であり、中間決算の発表は、義務付けられていないが、1990年度(平成2年度)から、9月末時点の会社の経営内容、経理内容等を上半期報告としてディスクローズすることになった。また、保険業法施行規則の改正により、2008年度(平成20年度)から、四半期開示が努力義務として規定された。,1,一般の企業と異なり生命保険会社の決算は年1回であり、中間決算の発表は、義務付けられていないが、1990年度(平成2年度)から、9月末時点の会社の経営内容、経理内容等を上半期報告としてディスクローズすることになった。また、保険業法施行規則の改正により、2008年度(平成20年度)から、四半期開示が努力義務として規定された。,第6章 3 (2)
112,1,区分経理を導入することにより、一般勘定について保険種類ごとに、資産・負債・損益が分別管理され、それぞれの収支構造が明確になることから、各保険種類の特性に応じた商品の設計、保険料・配当率の設定、資産運用等が可能となる。,1,区分経理を導入することにより、一般勘定について保険種類ごとに、資産・負債・損益が分別管理され、それぞれの収支構造が明確になることから、各保険種類の特性に応じた商品の設計、保険料・配当率の設定、資産運用等が可能となる。,第6章 4 リード
113,1,区分経理を行うにあたっては、収入保険料や支払保険金のように直接保険種類別に区分が可能なものと、資産運用収益のように直接的に保険種類別に区分できないものがある。前者を直課と呼び、後者は一定の合理的な基準で保険種類別に配分する必要があるところから、 配賦と呼ばれる。,1,区分経理を行うにあたっては、収入保険料や支払保険金のように直接保険種類別に区分が可能なものと、資産運用収益のように直接的に保険種類別に区分できないものがある。前者を直課と呼び、後者は一定の合理的な基準で保険種類別に配分する必要があるところから、 配賦と呼ばれる。,第6章 4 (2)
114,1,資産分別管理方式は、例えば、現金預金等全体を1個の単位とし、これに対する各「資産区分」の持分を管理する等、資産をまとめたものを単位として、その単位ごとに各「資産区分」の持分管理を行う方式である。,0,資産持分管理方式(マザーファンド方式)は、例えば、現金預金等全体を1個の単位とし、これに対する各「資産区分」の持分を管理する等、資産をまとめたものを単位として、その単位ごとに各「資産区分」の持分管理を行う方式である。,第6章 4 (5)
115,2,資産分別管理方式は、例えば、株式を銘柄別に各「資産区分」で管理する等、資産を取引等の単位ごとに各「資産区分」に直接配賦し、分別して管理を行う方式である。,1,資産分別管理方式は、例えば、株式を銘柄別に各「資産区分」で管理する等、資産を取引等の単位ごとに各「資産区分」に直接配賦し、分別して管理を行う方式である。,第6章 4 (5)
116,1,資産持分管理方式(マザーファンド方式)は、例えば、不動産の投資物件ごとに各「資産区分」の持分を管理する等、資産を取引等の単位ごとに各資産区分の持分を設定し、管理を行う方式である。,0,資産単位別持分管理方式は、例えば、不動産の投資物件ごとに各「資産区分」の持分を管理する等、資産を取引等の単位ごとに各資産区分の持分を設定し、管理を行う方式である。,第6章 4 (5)
117,,年度途中の資金移動を区分経理へ反映する場合、資産の購入・売却、利息・配当金収入等の資産運用関係の資金移動については、原則として、運用資産の管理方法に応じて､資金移動の発生と同時に対応する「資産区分」に反映させる。,1,年度途中の資金移動を区分経理へ反映する場合、資産の購入・売却、利息・配当金収入等の資産運用関係の資金移動については、原則として、運用資産の管理方法に応じて､資金移動の発生と同時に対応する「資産区分」に反映させる。,第6章 4 (9)
118,2,保険会社の監査役会は3人以上で構成された監査役(そのうち半数以上は非常勤監査役)のすべてで組織する。また、監査委員会を設置した会社は監査役を置かず、取締役によって構成される監査委員会が監査役と同様の職務を行う。,0,保険会社の監査役会は3人以上で構成された監査役(そのうち半数以上は社外監査役)のすべてで組織する。また、監査委員会を設置した会社は監査役を置かず、取締役によって構成される監査委員会が監査役と同様の職務を行う。,第7章 1 (1)
119,2,会計監査人は、会社と直接利害関係のない公認会計士または弁護士でなければならないとされ、高度の専門的知識を有する職業監査人の監査を義務付けている。,0,会計監査人は、会社と直接利害関係のない公認会計士または公認会計士によって設立された監査法人でなければならないとされ、高度の専門的知識を有する職業監査人の監査を義務付けている。,第7章 1 (2)
120,2,会計監査人は、取締役会により選任され、その職務は、会社の行う一切の会計行為が、会社法、保険業法等の法令に準拠して適正に行われているか否かについて監査を行い、その結果を取締役および監査役に報告することにある。,0,会計監査人は、株主総会(相互会社にあっては総代会)により選任され、その職務は、会社の行う一切の会計行為が、会社法、保険業法等の法令に準拠して適正に行われているか否かについて監査を行い、その結果を取締役および監査役に報告することにある。,第7章 1 (2)
121,2,通常、会計監査は、財務諸表の適法性や決算整理事項の内容監査が中心となる期中監査と、日常業務の取引記録が正確に会計数値として反映されているかといった日々の記帳内容に主眼が置かれる決算監査に分けて行われる。,0,通常、会計監査は、財務諸表の適法性や決算整理事項の内容監査が中心となる決算監査と、日常業務の取引記録が正確に会計数値として反映されているかといった日々の記帳内容に主眼が置かれる期中監査に分けて行われる。,第7章 1 (2)
122,1,資産の自己査定とは、生命保険会社が自らの資産を検討して、回収の危険性又は価値の毀損の度合に応じて資産を評価する方法である。資産評価は、4段階に区分される。,1,資産の自己査定とは、生命保険会社が自らの資産を検討して、回収の危険性又は価値の毀損の度合に応じて資産を評価する方法である。資産評価は、4段階に区分される。,第7章 2
123,,金融庁により行われる金融検査は、単に会計に関する事項にとどまらず、経営全般にわたる広い範囲で、保険会社の自己管理やリスク管理等について行われている。,1,金融庁により行われる金融検査は、単に会計に関する事項にとどまらず、経営全般にわたる広い範囲で、保険会社の自己管理やリスク管理等について行われている。,第7章 2
124,3,金融検査は､企業が納める様々な税金が適正に申告納付されているかを税務当局が確認するために行う調査である。そのうち法人税調査は、国税通則法により、国税庁、国税局、もしくは税務署等の職員が、企業に対し必要に応じて実施できる旨、規定されている。,0,税務調査は､企業が納める様々な税金が適正に申告納付されているかを税務当局が確認するために行う調査である。そのうち法人税調査は、国税通則法により、国税庁、国税局、もしくは税務署等の職員が、企業に対し必要に応じて実施できる旨、規定されている。,第7章 3
