﻿index,freq,question,answer,explanation,reference
1,1,世代要因は、社会の成員が時代や世代を超えて経験する生理的加齢現象やライフステージなどに起因する部分であり、少子・高齢化による人口構造の変化により、中高年齢者が増加しその層の占率が高まることにより社会に大きな影響を与えている。,0,年齢要因は、社会の成員が時代や世代を超えて経験する生理的加齢現象やライフステージなどに起因する部分であり、少子・高齢化による人口構造の変化により、中高年齢者が増加しその層の占率が高まることにより社会に大きな影響を与えている。,第1章 1 (1)
2,1,年齢要因は、生育環境の時代的相違などによる世代間で異なる特徴部分であり、戦後生まれの団塊の世代、高度成長期以降の豊かな時代に生まれた団塊ジュニアといわれる世代等、突出した世代の存在が企業の人事・組織制度や社会保障制度の見直しにみられるようにそれまでの組織・社会の安定性を揺るがしている。,0,世代要因は、生育環境の時代的相違などによる世代間で異なる特徴部分であり、戦後生まれの団塊の世代、高度成長期以降の豊かな時代に生まれた団塊ジュニアといわれる世代等、突出した世代の存在が企業の人事・組織制度や社会保障制度の見直しにみられるようにそれまでの組織・社会の安定性を揺るがしている。,第1章 1 (1)
3,1,年齢要因は、時代や世代を問わず社会の成員全体に同じように及ぶ影響の部分であり、①核家族化の伸展、居住地域の流動化による地縁・血縁集団と個人との関係変化や②所得水準の変化、情報化の進展等による新たなライフスタイル等が価値観変化の要因となっている。,0,時代要因は、年齢や世代を問わず社会の成員全体に同じように及ぶ影響の部分であり、①核家族化の伸展、居住地域の流動化による地縁・血縁集団と個人との関係変化や②所得水準の変化、情報化の進展等による新たなライフスタイル等が価値観変化の要因となっている。,第1章 1 (1)
4,1,女性の社会進出は女性の自立意識を高め、生命保険の市場を広げることにつながる。2019年(令和元年)の女性の生命保険加入率(個人年金保険を除く)は8割を超えているが、年齢別では30歳代の加入率が最も低くなっており、市場として開拓の余地を残しているといえる。,0,女性の社会進出は女性の自立意識を高め、生命保険の市場を広げることにつながる。2019年(令和元年)の女性の生命保険加入率(個人年金保険を除く)は8割を超えているが、年齢別では20歳代の加入率が最も低くなっており、市場として開拓の余地を残しているといえる。,第1章 1 (3)
5,1,女性の保障準備については、20～30歳代で医療保障へのニーズ、40～50歳代で死亡保障へのニーズ、50～60歳代で老後保障へのニーズが一番高い。,0,女性の保障準備については、20～30歳代で医療保障へのニーズ、40～50歳代で老後保障へのニーズ､50～60歳代で介護保障へのニーズが一番高い。,第1章 1 (3)
6,1,日本の女性の労働力率を年齢別にみると、30～39歳の年齢層の労働力率が非常に高くなっている。これは、共稼ぎ世帯の増加により、女性の職場進出が進んだことに起因するものと考えられる。,0,日本の女性の労働力率を年齢別にみると、30～39歳の年齢層において一旦低下している。これは、この年齢層においては、結婚して退職し、子育てに専念している女性が多いことに起因するものと考えられる。,第1章 1 (3)
7,1,二人以上世帯の貯蓄の目的としては、「老後の生活資金」「病気や不時の災害への備え」「こどもの教育資金」が3大目的となっている。これらの順位は過去10年間大きな変化はみられないが、「老後の生活資金」を目的とする人が特に多い。,1,二人以上世帯の貯蓄の目的としては、「老後の生活資金」「病気や不時の災害への備え」「こどもの教育資金」が3大目的となっている。これらの順位は過去10年間大きな変化はみられないが、「老後の生活資金」を目的とする人が特に多い。,第1章 1 (4)
8,,総務省の家計調査年報(令和元年)で勤労者世帯の種類別貯蓄現在高を見ると、定期性預貯金が31.8%と最も高く、次いで、生命保険などが31.0％となっている。,0,総務省の家計調査年報(令和元年)で勤労者世帯の種類別貯蓄現在高を見ると、通貨性預貯金が31.8%と最も高く、次いで、生命保険などが31.0％となっている。,第1章 1 (4)
9,,高齢社会の伸展とともにシルバー層のウエイトは高まり、75歳以上の高齢者人口が全人口に占める比率は、1990年(平成2年)の12％から2030年には約31%になるものと推測されている。,0,高齢社会の伸展とともにシルバー層のウエイトは高まり、65歳以上の高齢者人口が全人口に占める比率は、1990年(平成2年)の12％から2030年には約31%になるものと推測されている。,第1章 1 (5)
10,1,国民年金の「付加保険料」は、第1号被保険者が任意で月額400円を納めると、納めた期間に応じた付加年金を受給できる。,1,国民年金の「付加保険料」は、第1号被保険者が任意で月額400円を納めると、納めた期間に応じた付加年金を受給できる。,第1章 3 (2)
11,2,厚生年金保険の保険料は、給与や賞与に基づく標準報酬月額と標準賞与額に保険料率を乗じて計算された金額を、全額加入者個人が負担することとなっている。,0,厚生年金保険の保険料は、給与や賞与に基づく標準報酬月額と標準賞与額に保険料率を乗じて計算された金額を、労使折半で負担することとなっている。,第1章 3 (2)
12,1,障害給付は､病気やけがにより障害状態になった場合に支給される。障害発生までの加入期間中に原則として加入期間の3分の1以上の保険料の未納がなかったこと等の要件を満たすことが必要である。障害基礎年金は、障害等級1級～3級の場合に支給される。障害厚生年金は、障害等級1級・2級の場合に支給される。,0,障害給付は､病気やけがにより障害状態になった場合に支給される。障害発生までの加入期間中に原則として加入期間の3分の1以上の保険料の未納がなかったこと等の要件を満たすことが必要である。障害基礎年金は、障害等級1級・2級の場合に支給される。障害厚生年金は、障害等級1級～3級の場合に支給される。,第1章 3 (3)
13,1,遺族給付は、加入者や年金受給者が死亡した場合、その者に生計を維持されていた遺族に支給される。加入期間中に原則として加入期間の3分の1以上の保険料の未納がなかったこと等の要件を満たすことが必要である。遺族基礎年金は、老齢基礎年金の満額に加え、子の数に応じた加算額が支給される。遺族厚生年金は、老齢厚生年金相当額の3分の2が支給される。,0,遺族給付は、加入者や年金受給者が死亡した場合、その者に生計を維持されていた遺族に支給される。加入期間中に原則として加入期間の3分の1以上の保険料の未納がなかったこと等の要件を満たすことが必要である。遺族基礎年金は、老齢基礎年金の満額に加え、子の数に応じた加算額が支給される。遺族厚生年金は、老齢厚生年金相当額の4分の3が支給される。,第1章 3 (3)
14,2,老齢基礎年金は、原則として国民年金に25年以上加入している場合に、65歳から支給される。老齢厚生年金は、厚生年金保険の被保険者期間が1カ月以上あり、老齢基礎年金の受給資格期間を満たしている場合に65歳から原則支給される。,0,老齢基礎年金は、原則として国民年金に10年以上加入している場合に、65歳から支給される。老齢厚生年金は、厚生年金保険の被保険者期間が1カ月以上あり、老齢基礎年金の受給資格期間を満たしている場合に65歳から原則支給される。,第1章 3 (3)
15,2,2004年(平成16年)に成立した「年金改革関連法」により、社会全体の保険料負担能力の伸びを年金改定率に反映させることで、給付水準を調整するミクロ経済スライドが導入された。また、2012年(平成24年)の年金制度改正では、公的年金制度の最低保障機能の強化等のため、年金の受給資格期間を25年から10年に短縮する等の改正が行われた。,0,2004年(平成16年)に成立した「年金改革関連法」により、社会全体の保険料負担能力の伸びを年金改定率に反映させることで、給付水準を調整するマクロ経済スライドが導入された。また、2012年(平成24年)の年金制度改正では、公的年金制度の最低保障機能の強化等のため、年金の受給資格期間を25年から10年に短縮する等の改正が行われた。,第1章 3 (4)
16,,厚生労働省の推計では、2025年(令和7年)には現役世代2人で1人の高齢者(65歳以上)を支えることになっている。,1,厚生労働省の推計では、2025年(令和7年)には現役世代2人で1人の高齢者(65歳以上)を支えることになっている。,第1章 3 (4)
17,,2012年(平成24年)の年金制度改正では、公的年金制度の最低保障機能の強化等のため、短時間労働者に対する厚生年金保険・健康保険の適用縮小、等の改正が行われた。,0,2012年(平成24年)の年金制度改正では、公的年金制度の最低保障機能の強化等のため、短時間労働者に対する厚生年金保険・健康保険の適用拡大、等の改正が行われた。,第1章 3 (4)
18,1,公的介護保険制度の運営主体は、国になっているが、介護保険事業が健全かつ円滑に行われるよう、市区町村、都道府県、被保険者が重層的に支えあう制度となっている。,0,公的介護保険制度の運営主体は、各市区町村になっているが、介護保険事業が健全かつ円滑に行われるよう、国、都道府県、被保険者が重層的に支えあう制度となっている。,第1章 4 (1)
19,2,公的介護保険の被保険者は第1号被保険者(65歳以上)と第2号被保険者(40～64歳)に区分され、保険料の徴収方法、サービスの利用条件などが異なっている。,1,公的介護保険の被保険者は第1号被保険者(65歳以上)と第2号被保険者(40～64歳)に区分され、保険料の徴収方法、サービスの利用条件などが異なっている。,第1章 4 (1)
20,3,公的介護保険制度の財源は、被保険者からの保険料と、国、都道府県、市区町村からの公費によって賄われる。財源構成は、保険料50％、公費50％で成り立っており、公費は、国25%、都道府県・市区町村がそれぞれ12.5％を負担している。(施設等給付については、国20%、都道府県17.5%となっている。),1,公的介護保険制度の財源は、被保険者からの保険料と、国、都道府県、市区町村からの公費によって賄われる。財源構成は、保険料50％、公費50％で成り立っており、公費は、国25%、都道府県・市区町村がそれぞれ12.5％を負担している。(施設等給付については、国20%、都道府県17.5%となっている。),第1章 4 (2)
21,2,公的介護保険の第1号被保険者の保険料は、年齢階級別の定額保険料で、老齢年金等の受給額が年額18万円以上ある者は公的年金から天引きされ､それ以外は各市区町村が徴収している。,0,公的介護保険の第1号被保険者の保険料は、所得階級別の定額保険料で、老齢年金等の受給額が年額18万円以上ある者は公的年金から天引きされ､それ以外は各市区町村が徴収している。,第1章 4 (2)
22,2,サービス事業者が提供する、施設サービス、居宅サービス、地域密着サービス、介護予防サービス、地域密着型介護予防サービスなどを利用した場合、原則として費用の2割(一定以上の所得者は3割)が自己負担となる。また、施設サービスを利用した場合の食費および居住費は自己負担となっている。,0,サービス事業者が提供する、施設サービス、居宅サービス、地域密着サービス、介護予防サービス、地域密着型介護予防サービスなどを利用した場合、原則として費用の1割(一定以上の所得者は2~3割)が自己負担となる。また、施設サービスを利用した場合の食費および居住費は自己負担となっている。,第1章 4 (3)
23,2,介護保険のサービスは、訪問介護・訪問看護・通所介護・短期入所サービスなどの居宅サービスと、特別養護老人ホーム・介護老人保健施設などの施設サービス、認知症対応型共同生活介護などの地域密着サービスに大別することができる。,1,介護保険のサービスは、訪問介護・訪問看護・通所介護・短期入所サービスなどの居宅サービスと、特別養護老人ホーム・介護老人保健施設などの施設サービス、認知症対応型共同生活介護などの地域密着サービスに大別することができる。,第1章 4 (3)
24,2,被保険者が介護サービス(保険給付)を受ける際には、各市区町村に申請し、厚生労働省が定める要介護認定の基準をもとに各市区町村に設置される介護認定審査会の判定による認定(要支援1~2、要介護1~5)を受ける必要がある。,1,被保険者が介護サービス(保険給付)を受ける際には、各市区町村に申請し、厚生労働省が定める要介護認定の基準をもとに各市区町村に設置される介護認定審査会の判定による認定(要支援1~2、要介護1~5)を受ける必要がある。,第1章 4 (3)
25,2,介護認定審査会は、学識経験者で構成され、高齢者の心身の状況調査と主治医意見書に基づく審査判定(一次判定)と主治医の意見書等に基づくコンピューター判定(二次判定)を行う。,0,介護認定審査会は、学識経験者で構成され、高齢者の心身の状況調査と主治医意見書等に基づくコンピュータ判定(一次判定)と主治医意見書に基づく審査判定(二次判定)を行う。,第1章 4 (3)
26,2,福利厚生費は、企業が任意に実施する制度の費用である法定福利費と、厚生年金保険・健康保険・雇用保険等の社会保険料からなる法定外福利費に分けられる。このうち法定外福利費については、高齢化に伴い、賃金を上回る増加を示している。,0,福利厚生費は、企業が任意に実施する制度の費用である法定外福利費と、厚生年金保険・健康保険・雇用保険等の社会保険料からなる法定福利費に分けられる。このうち法定福利費については、高齢化に伴い、賃金を上回る増加を示している。,第1章 5
27,2,保険の第三分野とは、損害保険(第一分野)、生命保険(第二分野)のいずれにも属さないとされる疾病・傷害分野の保険であり、医療保険・介護保険・傷害保険などがこれに該当する。,0,保険の第三分野とは、生命保険(第一分野)、損害保険(第二分野)のいずれにも属さないとされる疾病・傷害分野の保険であり、医療保険・介護保険・傷害保険などがこれに該当する。,第1章 6 (1)
28,2,2000年(平成12年)、金融庁が、保険業法に規定される「業務の代理・事務の代行」について、「業務の代理」に「保険募集の代理」が含まれることを明確化したことから、保険会社が他保険会社と業務の代理・事務の代行に関する契約を結んで、他保険会社商品を販売することが可能となった。,1,2000年(平成12年)、金融庁が、保険業法に規定される「業務の代理・事務の代行」について、「業務の代理」に「保険募集の代理」が含まれることを明確化したことから、保険会社が他保険会社と業務の代理・事務の代行に関する契約を結んで、他保険会社商品を販売することが可能となった。,第1章 6 (2)
29,3,2015年(平成27年)10月に「マイナンバー法」が施行され、未成年者を除くすべての人へ個人番号(マイナンバー)の割り当てが開始されている。,0,2015年(平成27年)10月に「マイナンバー法」が施行され、住民票を有するすべての人へ個人番号(マイナンバー)の割り当てが開始されている。,第1章 6 (4)
30,3,「マイナンバー法」では、マイナンバーおよびそれを内容に含む個人情報は、「重大個人情報」と定義され、通常の個人情報に比べ、取り扱いが厳しく制限されており、法令に違反した際の罰則も重くなっている。,0,「マイナンバー法」では、マイナンバーおよびそれを内容に含む個人情報は、「特定個人情報」と定義され、通常の個人情報に比べ、取り扱いが厳しく制限されており、法令に違反した際の罰則も重くなっている。,第1章 6 (4)
31,3,「マイナンバー法」の施行により、2016年(平成28年)から、順次、社会保障、税、災害対策の行政手続でマイナンバーが必要になり、生命保険会社が行う各種の手続きにおいても、保険金等の支払いの際にマイナンバーを取得したり、支払調書などの法定調書にマイナンバーを記載したりする必要が出てきている。,1,「マイナンバー法」の施行により、2016年(平成28年)から、順次、社会保障、税、災害対策の行政手続でマイナンバーが必要になり、生命保険会社が行う各種の手続きにおいても、保険金等の支払いの際にマイナンバーを取得したり、支払調書などの法定調書にマイナンバーを記載したりする必要が出てきている。,第1章 6 (4)
32,2,「金融商品取引法」(2007年(平成19年)9月施行)の規制の一部が「保険業法」に準用され、保険契約の契約条項のうち重要な事項について契約締結の後に書面で交付することが規定された。保険契約の場合の「契約締結後交付書面」には、「注意喚起情報」「保険証券」等が相当する。,0,「金融商品取引法」(2007年(平成19年)9月施行)の規制の一部が「保険業法」に準用され、保険契約の契約条項のうち重要な事項について契約締結の前に書面で交付することが規定された。保険契約の場合の「契約締結前交付書面」には、「注意喚起情報」「契約概要」等が相当する。,第1章 6 (4)
33,,「個人情報の保護に関する法律」を、生命保険会社の業務に具体的に対応させると、例えば保険募集の際の情報収集において、生命保険設計書を作成・提案するのであれば、生命保険設計書を作成するという利用目的を達成するために必要な情報のみを取得するようにしなければならない。,1,「個人情報の保護に関する法律」を、生命保険会社の業務に具体的に対応させると、例えば保険募集の際の情報収集において、生命保険設計書を作成・提案するのであれば、生命保険設計書を作成するという利用目的を達成するために必要な情報のみを取得するようにしなければならない。,第1章 6 (4)
34,2,「消費者契約法」のポイントは、勧誘時に事業者が不適切な勧誘方法により消費者を「誤認」させたり、「困惑」させたりした場合、消費者は損害額の賠償を請求することができるとした点である。,0,「消費者契約法」のポイントは、勧誘時に事業者が不適切な勧誘方法により消費者を「誤認」させたり、「困惑」させたりした場合、消費者はその契約を取り消すことができるとした点である。,第1章 6 (4)
35,1,「金融サービス提供法」の対象となる金融商品は、預貯金、信託、保険、有価証券など幅広く指定されており、金融商品販売業者がリスク等の説明を怠った場合、消費者はその契約を取り消すことができるとしている。,0,「金融サービス提供法」の対象となる金融商品は、預貯金、信託、保険、有価証券など幅広く指定されており、金融商品販売業者がリスク等の説明を怠った場合、業者に元本欠損額の賠償責任を負わせている。,第1章 6 (4)
36,2,保険法において、生命保険契約は、「保険契約のうち、保険者が人の生存又は死亡に関し一定の保険給付を行うことを約するもの(傷害疾病定額保険契約に該当するものを除く。)をいう。」と定義されている。また、傷害疾病定額保険契約は、「保険契約のうち、保険者が人の傷害疾病に基づき一定の保険給付を行うことを約するものをいう。」と定義されている。,1,保険法において、生命保険契約は、「保険契約のうち、保険者が人の生存又は死亡に関し一定の保険給付を行うことを約するもの(傷害疾病定額保険契約に該当するものを除く。)をいう。」と定義されている。また、傷害疾病定額保険契約は、「保険契約のうち、保険者が人の傷害疾病に基づき一定の保険給付を行うことを約するものをいう。」と定義されている。,第2章 1 (1)
37,2,生存保険は、被保険者がある一定期間生存していることを事由として保険金を支払う契約をいい、被保険者が一定期間生存の場合にのみ保険金が支払われ、保険期間中に死亡した場合には一部の個人年金保険等を除いて保険料の払戻もなく、責任準備金があれば死亡した被保険者の遺族に支払う。,0,生存保険は、被保険者がある一定期間生存していることを事由として保険金を支払う契約をいい、被保険者が一定期間生存の場合にのみ保険金が支払われ、保険期間中に死亡した場合には一部の個人年金保険等を除いて保険料の払戻もなく、責任準備金は生存した被保険者の保険金の支払に充当する。,第2章 1 (2)
38,1,保険料の払込に関する特約には、保険料口座振替特約、保険料の割増などの特別条件特約などがある。,0,保険料の払込に関する特約には、保険料口座振替特約、団体扱特約などがある。,第2章 1 (3)
39,1,「特別条件特約」は、被保険者のモラルリスクに応じて「保険料の割増」などの特別の条件を付けて引き受けるなどの取扱を定めたものである。,0,「特別条件特約」は、健康状態が一定の危険の範囲を超えているが危険の度合いに応じて「保険料の割増」などの特別の条件を付けて引き受けるなどの取扱を定めたものである。,第2章 1 (3)
40,1,「個人年金保険料税制適格特約」は、資産形成への自助努力を推進するため、個人年金保険に付加することにより払い込まれた保険料が一般生命保険料や介護医療保険料とは別枠で所得控除の対象となるものである。,1,「個人年金保険料税制適格特約」は、資産形成への自助努力を推進するため、個人年金保険に付加することにより払い込まれた保険料が一般生命保険料や介護医療保険料とは別枠で所得控除の対象となるものである。,第2章 1 (3)
41,2,保険期間とは、保険事故が発生した場合に保険会社から保険金が支払われる期間のことをいうが、特約の保険期間については、商品設計上、必ず主契約と同じ保険期間が設定される。,0,保険期間とは、保険事故が発生した場合に保険会社から保険金が支払われる期間のことをいうが、特約の保険期間については、商品設計上、主契約と同じ場合と、主契約より短い場合がある。,第2章 1 (4)
42,2,従来、生命保険会社は、有配当保険しか取り扱いができなかったが、保険業法の改正によって、最初から無配当用の基礎率を設定し保険料を安くする代わりに剰余金の分配を行わない取り扱いが一定の制限のもとで可能となり、現在では、相互会社を除き株式会社で無配当保険の販売が認められている。,0,従来、生命保険会社は、有配当保険しか取り扱いができなかったが、保険業法の改正によって、最初から無配当用の基礎率を設定し保険料を安くする代わりに剰余金の分配を行わない取り扱いが一定の制限のもとで可能となり、現在では、相互会社でも無配当保険の販売が認められている。,第2章 1 (7)
43,2,1996年(平成8年)には、資産運用成果による費差配当のみの分配を行う5年ごと費差配当付商品が発売された。,0,1996年(平成8年)には、資産運用成果による利差配当のみの分配を行う5年ごと利差配当付商品が発売された。,第2章 1 (7)
44,3,告知に加えて医師の診査により危険選択を行う契約を診査扱契約というが、この他、危険選択の方法として、勤務先の健康診断書の写しに基づく方法・人間ドックや献血の際の検査成績表に基づく方法による健康管理証明書扱、生命保険協会が定める認定生命保険士の資格を有する者による面接報告による方法などがある。,0,告知に加えて医師の診査により危険選択を行う契約を診査扱契約というが、この他、危険選択の方法として、勤務先の健康診断書の写しに基づく方法・人間ドックや献血の際の検査成績表に基づく方法による健康管理証明書扱、生命保険協会が定める生命保険面接士の資格を有する者による面接報告による方法などがある。,第2章 1 (8)
45,,2000年(平成12年)4月より、公的介護保険制度が導入されたことによって、生命保険会社の介護保険へのニーズが高まり、認知症による要介護状態に対する保障を行う保険や寝たきり状態に対する保障を行う保険が開発、発売された。,0,2000年(平成12年)4月より、公的介護保険制度が導入されたことによって、生命保険会社の介護保険へのニーズが高まり、公的介護保険制度の上乗せ保障を準備したい、といったニーズに対応した商品が各社より発売され、中には年金による保障(介護年金）を提供する会社も出てきた。,第2章 2 (3)
46,,特定疾病保障保険(特約)は、日本人の三大死因といわれるがん、心筋梗塞、脳卒中になった場合に、死亡保険金を前倒しで給付する日本初の生前給付タイプの保険として発売された。,1,特定疾病保障保険(特約)は、日本人の三大死因といわれるがん、心筋梗塞、脳卒中になった場合に、死亡保険金を前倒しで給付する日本初の生前給付タイプの保険として発売された。,第2章 2 (3)
47,2,"リビング・ニーズ特約は、病気やケガにより被保険者の余命が1年以内と判断されるとき、保険金の前払いを請求でき、支払われる保険金額は、契約した死亡保険金額の範囲内で1,000万円を上限としているところが多く、上限以上の保険金額で契約している場合、差額分は保障が継続する。",0,"リビング・ニーズ特約は、病気やケガにより被保険者の余命が6カ月以内と判断されるとき、保険金の前払いを請求でき、支払われる保険金額は、契約した死亡保険金額の範囲内で3,000万円を上限としているところが多く、上限以上の保険金額で契約している場合、差額分は保障が継続する。",第2章 2 (3)
48,1,リビング・ニーズ特約の保険料は不要(無料)となっているが、被保険者が受取人である場合、支払われる保険金は雑所得として課税される。,0,リビング・ニーズ特約の保険料は不要(無料)となっているが、被保険者が受取人である場合、非課税扱いになる。,第2章 2 (3)
49,1,変額保険は特別勘定資産の運用実績に基づいて保険金額が増減するが、死亡保険金については基本保険金額を保証される。,1,変額保険は特別勘定資産の運用実績に基づいて保険金額が増減するが、死亡保険金については基本保険金額を保証される。,第2章 2 (4)
50,,変額保険は、特別勘定資産の運用実績に基づいて保険金額が増減するが、満期保険金額については基本保険金額が保証されている。,0,変額保険は、特別勘定資産の運用実績に基づいて保険金額が増減するが、満期保険金額については基本保険金額が保証されない（運用実績によっては、満期保険金額が基本保険金額を下回ることがある）。,第2章 2 (4)
51,2,変額保険の変動する部分は、変動保険金(毎日変動)、満期保険金(満期時に確定)のほか積立金(毎日変動)や、解約返戻金(毎日変動)がある。,0,変額保険の変動する部分は、変動保険金(毎月変動)、満期保険金(満期時に確定)のほか積立金(毎日変動)や、解約返戻金(毎日変動)がある。,第2章 2 (4)
52,2,変額保険の変動しない部分は、契約時に定めた基本保険金額、特約保険金額である。また、主契約および特約の保険料についても変動せず一定である。,1,変額保険の変動しない部分は、契約時に定めた基本保険金額、特約保険金額である。また、主契約および特約の保険料についても変動せず一定である。,第2章 2 (4)
53,,養老保険、個人年金保険などの保険種類について、保険料の払込みや保険金等の受取りを外貨建で行う仕組みを取り入れた｢外貨建保険」の商品デメリットとしては、為替レートの変動により、実際に支払われる外貨建の保険金額が、契約時に設定された外貨建の保険金額や、払込保険料総額を下回るなどの損失を生じるおそれがあることである。,0,養老保険、個人年金保険などの保険種類について、保険料の払込みや保険金等の受取りを外貨建で行う仕組みを取り入れた｢外貨建保険」の商品デメリットとしては、為替レートの変動により、実際に支払われる円換算後の保険金額が、契約時に設定された円換算後の保険金額や、払込保険料総額を下回るなどの損失を生じるおそれがあることである。,第2章 2 (5)
54,,1946年(昭和21年)に簡易保険事業の政府独占が廃止されたことから、1948年(昭和23年)以降、生命保険各社が積極的に月払保険の販売に取組み、デビット・システム(地域を限定せずに、保険販売・保全活動にあたらせる制度)の採用とも相まって月払保険は急速に普及していった。,0,1946年(昭和21年)に簡易保険事業の政府独占が廃止されたことから、1948年(昭和23年)以降、生命保険各社が積極的に月払保険の販売に取組み、デビット・システム(一定の地域に一名の営業職員を配置し、その地域内での保険販売・保全活動にあたらせる制度)の採用とも相まって月払保険は急速に普及していった。,第2章 3 (1)
55,1,生命保険会社は、保有契約高の大幅な延びも追い風となり、戦後、繰り返し低料(保険料率引き下げ)を実現してきた。 しかし、1990年(平成2年)4月以降5回にわたる料率改定は、予定利率の引き下げを実施したため、貯蓄系商品について保険料が引き上がり、相対的に商品魅力が低下することとなった。,0,生命保険会社は、平均寿命の大幅な延びも追い風となり、戦後、繰り返し低料(保険料率引き下げ)を実現してきた。 しかし、1990年(平成2年)4月以降5回にわたる料率改定は、予定利率の引き下げを実施したため、貯蓄系商品について保険料が引き上がり、相対的に商品魅力が低下することとなった。,第2章 3 (5)
56,1,ボーナス払併用制度の仕組みとしては、 6カ月ごとに保険料を一括払していくボーナス払契約と月払契約の組合わせを1つの契約とする方式等があり、職域での販売を中心に活用された。,1,ボーナス払併用制度の仕組みとしては、 6カ月ごとに保険料を一括払していくボーナス払契約と月払契約の組合わせを1つの契約とする方式等があり、職域での販売を中心に活用された。,第2章 3 (5)
57,1,修正保険料方式(ステップ払込方式)は、収入が年齢とともに上昇することに着目し、期間の経過すなわち収入の増加にあわせて支払保険料が増加する形としたものであり、これにより契約当初の保険料を安くすることが可能となった。,1,修正保険料方式(ステップ払込方式)は、収入が年齢とともに上昇することに着目し、期間の経過すなわち収入の増加にあわせて支払保険料が増加する形としたものであり、これにより契約当初の保険料を安くすることが可能となった。,第2章 3 (5)
58,,1990年代には生前給付型商品・特約の開発が活発に行われ、五大成人病を保障する特定疾病保障保険(特約)、要介護状態を保障する介護保険(特約)、病気等による障害状態を保障する障害保障保険(特約)、余命6カ月と診断されたときに保険金を支払うリビング・ニーズ特約等が相次いで開発・発売された。,0,1990年代には生前給付型商品・特約の開発が活発に行われ、三大疾病を保障する特定疾病保障保険(特約)、要介護状態を保障する介護保険(特約)、病気等による障害状態を保障する障害保障保険(特約)、余命6カ月と診断されたときに保険金を支払うリビング・ニーズ特約等が相次いで開発・発売された。,第2章 3 (5)
59,,移行制度は、終身保険の保険料払込期間満了後あるいは個人年金保険の年金開始時に、責任準備金や積立配当金等を活用して、死亡保障から年金受取へ、終身年金から確定年金へなど、異なった保障内容に変更できる制度として開発されたもので、契約自体はあくまでも当初の契約が継続する点は転換制度と同じであるが、変更は保険料払込期間満了時以降に限られる点が転換制度とは異なる。,0,移行制度は、終身保険の保険料払込期間満了後あるいは個人年金保険の年金開始時に、責任準備金や積立配当金等を活用して、死亡保障から年金受取へ、終身年金から確定年金へなど、異なった保障内容に変更できる制度として開発されたもので、契約自体はあくまでも当初の契約が継続する点と、変更は保険料払込期間満了時以降に限られる点が転換制度とは異なる。,第2章 3 (5)
60,2,1996年(平成8年)発売の5年ごと配当型商品においては、従来からの有配当(三利源からの配当)商品と無配当商品に加え、新たに、5年ごとに死差配当のみを分配するとしたことで、保険料を従来の有配当商品よりも低廉にした。,0,1996年(平成8年)発売の5年ごと配当型商品においては、従来からの有配当(三利源からの配当)商品と無配当商品に加え、新たに、5年ごとに利差配当のみを分配するとしたことで、保険料を従来の有配当商品よりも低廉にした。,第2章 4 (1)
61,2,1999年(平成11年)の料率改定により、各社の戦略的な料率設定の色彩が強まり、契約者単位の通算割引、低解約返戻金型商品、優良体保険、引受基準緩和型保険・無選択型保険等の商品開発が行われている。,1,1999年(平成11年)の料率改定により、各社の戦略的な料率設定の色彩が強まり、契約者単位の通算割引、低解約返戻金型商品、優良体保険、引受基準緩和型保険・無選択型保険等の商品開発が行われている。,第2章 4 (1)
62,3,2007年(平成19年)には、経験死亡率の改善状況等を踏まえ、完全生命表の改定が行われた。また、第三分野市場の拡大を受けて新たに第三分野完全生命表が策定されたことに伴い、多くの会社が2007年(平成19年)春に料率の改定を行い、さらに、2018年(平成30年)の完全生命表改定時にも、それに伴う保険会社の料率見直しが行われている。,0,2007年(平成19年)には、経験死亡率の改善状況等を踏まえ、標準生命表の改定が行われた。また、第三分野市場の拡大を受けて新たに第三分野標準生命表が策定されたことに伴い、多くの会社が2007年(平成19年)春に料率の改定を行い、さらに、2018年(平成30年)の標準生命表改定時にも、それに伴う保険会社の料率見直しが行われている。,第2章 4 (1)
63,1,総合福祉団体定期保険は、従業員が保険料を負担し、従業員を被保険者として加入させる全員加入が原則の1年更新の定期保険である。,0,総合福祉団体定期保険は、企業等が保険料を負担し、従業員を被保険者として加入させる全員加入が原則の1年更新の定期保険である。,第3章 1 (1)
64,1,団体保険のうち、総合福祉団体定期保険における主契約の保障内容は、従業員の死亡や高度障害に伴う、代替雇用者の採用・育成費用等の企業が負担すべき諸費用の財源の確保を目的としている。,0,団体保険のうち、ヒューマン・ヴァリュー特約における主契約の保障内容は、従業員の死亡や高度障害に伴う、代替雇用者の採用・育成費用等の企業が負担すべき諸費用の財源の確保を目的としている。,第3章 1 (1)
65,2,団体定期保険では、逆選択防止等の観点から、企業や同業者組合等、団体の種類に応じた区分を設け、区分ごとに契約の締結・更新の際の最低被保険者数や最低保険金額に対する最高保険金額の倍数について一定の基準を設定している。,1,団体定期保険では、逆選択防止等の観点から、企業や同業者組合等、団体の種類に応じた区分を設け、区分ごとに契約の締結・更新の際の最低被保険者数や最低保険金額に対する最高保険金額の倍数について一定の基準を設定している。,第3章 1 (2)
66,2,団体定期保険は、企業等がその所属員に対して加入勧奨を行い、加入を希望する者が被保険者となり、保険料も被保険者が負担する、所属員の福利厚生のために企業等が導入する任意加入型の商品である。,1,団体定期保険は、企業等がその所属員に対して加入勧奨を行い、加入を希望する者が被保険者となり、保険料も被保険者が負担する、所属員の福利厚生のために企業等が導入する任意加入型の商品である。,第3章 1 (2)
67,2,住宅ローンや企業の住宅・育英資金貸付制度の貸付保全等に利用される団体信用生命保険は、債務者を保険契約者および被保険者、債権者である信用供与機関(銀行等)または信用保証機関を保険金受取人、未返済債務額を保険金額とする保険商品である。,0,住宅ローンや企業の住宅・育英資金貸付制度の貸付保全等に利用される団体信用生命保険は、債務者を被保険者、債権者である信用供与機関(銀行等)または信用保証機関を保険契約者および保険金受取人、未返済債務額を保険金額とする保険商品である。,第3章 1 (3)
68,,消費者信用団体生命保険は、債権者である信用供与機関または信用保証機関を保険契約者および保険金受取人、債務者を被保険者、未返済債務額を保険金額、保険期間を借入期間とする商品である。,0,消費者信用団体生命保険は、債権者である信用供与機関または信用保証機関を保険契約者および保険金受取人、債務者を被保険者、未返済債務額を保険金額、保険期間を1年とする商品である。,第3章 1 (4)
69,,団体信用生命保険は、一定の利用限度額の範囲で変動する債務(カードローン、クレジットカード債務等)を負う債務者(カード会員等)の団体を対象とした団体生命保険である。,0,消費者信用団体生命保険は、一定の利用限度額の範囲で変動する債務(カードローン、クレジットカード債務等)を負う債務者(カード会員等)の団体を対象とした団体生命保険である。,第3章 1 (4)
70,3,国民年金基金制度は、自営業者等の国民年金の第2号被保険者が、国民年金に上乗せすることにより、老後の所得保障の充実を図ることを目的とした制度である。会社員等には厚生年金保険や厚生年金基金等、国民年金の上乗せの制度があるのに対し、自営業者等については国民年金のみであったことから、1991年(平成3年)に実施された制度であり、厚生労働大臣の認可を得た国民年金基金が運営する。,0,国民年金基金制度は、自営業者等の国民年金の第1号被保険者が、国民年金に上乗せすることにより、老後の所得保障の充実を図ることを目的とした制度である。会社員等には厚生年金保険や厚生年金基金等、国民年金の上乗せの制度があるのに対し、自営業者等については国民年金のみであったことから、1991年(平成3年)に実施された制度であり、厚生労働大臣の認可を得た国民年金基金が運営する。,第3章 2 (1)
71,2,確定給付企業年金保険は､確定給付企業年金制度向けの保険商品で、契約者は事業主(規約型の場合)または企業年金基金(基金型の場合)、被保険者は確定給付企業年金の加入者である。,1,確定給付企業年金保険は､確定給付企業年金制度向けの保険商品で、契約者は事業主(規約型の場合)または企業年金基金(基金型の場合)、被保険者は確定給付企業年金の加入者である。,第3章 2 (2)
72,2,厚生年金基金保険は、厚生年金基金の年金資産の運用を引受けるための保険商品で、基金を契約者、基金の加入員を被保険者および受取人とする保険契約であり、基金の業務の引受も可能である。,0,厚生年金基金保険は、厚生年金基金の年金資産の運用を引受けるための保険商品で、基金を契約者および受取人、基金の加入員を被保険者とする保険契約であり、基金の業務の引受も可能である。,第3章 2 (2)
73,2,特別勘定のうち、単独運用特別勘定は、年金契約ごとに個別のファンド(口)を設定して単独運用するもので、概して大口の年金資産運用に適している。,1,特別勘定のうち、単独運用特別勘定は、年金契約ごとに個別のファンド(口)を設定して単独運用するもので、概して大口の年金資産運用に適している。,第3章 2 (3)
74,2,｢勤労者財産形成年金貯蓄契約」とは、40歳未満の勤労者が金融機関等と契約を締結し、5年以上の期間にわたって定期に積立てを行い、60歳以降所定の時期より5年以上の期間にわたって年金の支払いを受けることを目的とした貯蓄である。,0,｢勤労者財産形成年金貯蓄契約」とは、55歳未満の勤労者が金融機関等と契約を締結し、5年以上の期間にわたって定期に積立てを行い、60歳以降所定の時期より5年以上の期間にわたって年金の支払いを受けることを目的とした貯蓄である。,第3章 3 (3)
75,1,勤労者財産形成年金貯蓄契約(財形年金)と勤労者財産形成住宅貯蓄契約(財形住宅)の利子(生命保険の場合は差益)については、租税特別措置法により一定の非課税限度額が設けられており、財形年金の場合、元利合計550万円(生命保険の場合は払込保険料385万円)まで非課税である。なお、受け取る年金については所得税の公的年金等控除の対象である。,0,勤労者財産形成年金貯蓄契約(財形年金)と勤労者財産形成住宅貯蓄契約(財形住宅)の利子(生命保険の場合は差益)については、租税特別措置法により一定の非課税限度額が設けられており、財形年金の場合、元利合計550万円(生命保険の場合は払込保険料385万円)まで非課税である。なお、受け取る年金についても非課税とされている。,第3章 3 (4)
76,2,生命保険の財形商品は、災害死亡(高度障害)の場合に払込保険料累計額の3倍(財形給付金・財形基金は2倍)相当額に積立配当金を加えた金額の保障があることが特徴である。一方、契約後短期間で解約や払出を行うと、払込保険料を下回ることがある。,0,生命保険の財形商品は、災害死亡(高度障害)の場合に払込保険料累計額の5倍(財形給付金・財形基金は2倍)相当額に積立配当金を加えた金額の保障があることが特徴である｡一方､契約後短期間で解約や払出を行うと、払込保険料を下回ることがある。,第3章 3 (5)
77,3,医療保障保険(団体型)は、公的医療保険制度の補完的な役割を担う保険であり、団体の所属員のうち一定の資格を有する者を被保険者とし、団体の代表者を保険契約者とする保険で、給付内容は入院時の公的医療保険制度における自己負担の一部を補填する治療給付金、定額の入院給付金の2つで、死亡時の死亡保険金は給付対象外である。,0,医療保障保険(団体型)は、公的医療保険制度の補完的な役割を担う保険であり、団体の所属員のうち一定の資格を有する者を被保険者とし、団体の代表者を保険契約者とする保険で、給付内容は入院時の公的医療保険制度における自己負担の一部を補填する治療給付金、定額の入院給付金、死亡時の死亡保険金から構成される。,第3章 4 (1)
78,,団体就業不能保障保険は、団体の所属員のうち一定の資格を有する者を被保険者とする保険で、被保険者が傷害または疾病を直接の原因として、入院または医師の指示による自宅療養をし、業務に全く従事できない状態(就業不能状態)が所定の期間を超えて継続した場合に就業不能保険金を支払う保険である。,1,団体就業不能保障保険は、団体の所属員のうち一定の資格を有する者を被保険者とする保険で、被保険者が傷害または疾病を直接の原因として、入院または医師の指示による自宅療養をし、業務に全く従事できない状態(就業不能状態)が所定の期間を超えて継続した場合に就業不能保険金を支払う保険である。,第3章 4 (2)
79,2,一時払退職後終身保険の契約形態は、個々の被保険者が契約者となるという点で個人保険であるが、団体と協定を結び、2年以上団体保険契約(企業年金保険を含む)の被保険者で、かつ、退職日をはさみ前後1年以内の者(退職者であっても、団体保険の被保険者として継続加入中の者は、団体保険から脱退した日から1カ月以内に限り加入が認められる)に限って加入が認められる商品であり、団体保険を補完する特殊な商品といえる。,1,一時払退職後終身保険の契約形態は、個々の被保険者が契約者となるという点で個人保険であるが、団体と協定を結び、2年以上団体保険契約(企業年金保険を含む)の被保険者で、かつ、退職日をはさみ前後1年以内の者(退職者であっても、団体保険の被保険者として継続加入中の者は、団体保険から脱退した日から1カ月以内に限り加入が認められる)に限って加入が認められる商品であり、団体保険を補完する特殊な商品といえる。,第3章 4 (3)
80,2,心身障害者扶養者生命保険とは、契約者を独立行政法人福祉医療機構とし、心身障害者の扶養者である被保険者が死亡もしくは重度障害になったとき、同機構に保険金を支払い、地方公共団体を通じて心身障害者の生存中、年金として月額2万円(最高2口4万円)が終身にわたって支払われる仕組みのものである。,1,心身障害者扶養者生命保険とは、契約者を独立行政法人福祉医療機構とし、心身障害者の扶養者である被保険者が死亡もしくは重度障害になったとき、同機構に保険金を支払い、地方公共団体を通じて心身障害者の生存中、年金として月額2万円(最高2口4万円)が終身にわたって支払われる仕組みのものである。,第3章 4 (4)
81,1,生命保険の募集は、保険業法の規定により登録した生命保険募集人、または保険仲立人により行われることになっており、営業職員、募集代理店(法人または個人)および代理店で募集に従事する使用人は生命保険募集人として登録しなければならない。,1,生命保険の募集は、保険業法の規定により登録した生命保険募集人、または保険仲立人により行われることになっており、営業職員、募集代理店(法人または個人)および代理店で募集に従事する使用人は生命保険募集人として登録しなければならない。,第4章 1 リード
82,1,保険代理店においては、一社専属制の例外が認められておらず、複数の生命保険会社の商品を取り扱うことはできない。,0,保険代理店においては、一社専属制の例外が認められており、複数の生命保険会社の商品を取り扱うことができる。,第4章 1 (2)
83,,2002年(平成14年)10月、生保商品の銀行窓販は実質的に解禁されることになり、この規制緩和に併せ、次の弊害防止措置が設けられた。①保険募集に関する取引が銀行業務に影響を及ぼすことの事前説明義務②保険料ローンによる変額年金保険等加入時の残債務リスクの説明義務③住宅ローン返済困窮時の相談窓口を記した書面の交付義務,0,2002年(平成14年)10月、生保商品の銀行窓販は実質的に解禁されることになり、この規制緩和に併せ、次の弊害防止措置が設けられた。①保険募集に関する取引が銀行業務に影響を及ぼさないことの事前説明義務②保険料ローンによる変額年金保険等加入時の残債務リスクの説明義務③住宅ローン返済困窮時の相談窓口を記した書面の交付義務,第4章 1 (3)
84,1,2013年(平成25年)の金融審議会の報告書によると、保険契約者保護の観点から保険仲立人に係る規制を緩和することが適当であるとされている。それを受け、2014年(平成26年)に保険業法の改正により、保証金の額の引き下げなど一部の規制が緩和された。,1,2013年(平成25年)の金融審議会の報告書によると、保険契約者保護の観点から保険仲立人に係る規制を緩和することが適当であるとされている。それを受け、2014年(平成26年)に保険業法の改正により、保証金の額の引き下げなど一部の規制が緩和された。,第4章 1 (4)
85,,保険仲立人は契約者と保険会社との間に立って中立の立場で保険契約の締結の媒介を行う者であり、特定の保険会社に属し、その保険会社のために媒介を行う保険募集人とその点において異なる。保険仲立人は、諸外国においては一般的に認められており、1996年(平成8年)の保険業法改正において、国際的な整合性の確保や販売チャネルの多様化、競争促進による利用者利便の向上を図るとの観点から導入されたものである。,1,保険仲立人は契約者と保険会社との間に立って中立の立場で保険契約の締結の媒介を行う者であり、特定の保険会社に属し、その保険会社のために媒介を行う保険募集人とその点において異なる。保険仲立人は、諸外国においては一般的に認められており、1996年(平成8年)の保険業法改正において、国際的な整合性の確保や販売チャネルの多様化、競争促進による利用者利便の向上を図るとの観点から導入されたものである。,第4章 1 (4)
86,3,生保商品の通信販売は営業職員・募集代理店による対面販売との比較において、顧客との接点が非常に限られるため、告知義務や契約始期に係わる問題、モラルリスク等が問題となりにくく、取扱保険商品や加入保険金額を制限しているケースは少ない。,0,生保商品の通信販売は営業職員・募集代理店による対面販売との比較において、顧客との接点が非常に限られるため、告知義務や契約始期に係わる問題、モラルリスク等が問題となりやすく、取扱保険商品や加入保険金額を制限しているケースが多い。,第4章 1 (5)
87,1,生命保険分野においても、インターネットを通じて生保商品を販売する専門会社を設立するケースが現れている。中には、パソコンやスマートフォンで資料請求や申込ができるだけではなく、契約の成立までも完了できる生保会社もある。,1,生命保険分野においても、インターネットを通じて生保商品を販売する専門会社を設立するケースが現れている。中には、パソコンやスマートフォンで資料請求や申込ができるだけではなく、契約の成立までも完了できる生保会社もある。,第4章 1 (6)
88,1,IT書面一括法の施行により、顧客などの承諾を条件に一部の通知については電子メールなどの電子的な交付が可能となったため、時間とコストの削減につながり、電子商取引に係わる効率性・利便性が向上している。,1,IT書面一括法の施行により、顧客などの承諾を条件に一部の通知については電子メールなどの電子的な交付が可能となったため、時間とコストの削減につながり、電子商取引に係わる効率性・利便性が向上している。,第4章 1 (6)
89,2,顧客に対するサービス提供については、営業職員の継続訪問によるサービス活動を柱に展開する一方、高度情報化に伴うコンピューターや情報通信機器の発達により、ライフスタイルの変化に対応した顧客との新しい接点を模索し、顧客の系列化や囲い込みを目指しているわけであるが、近年、各企業において、CS(Customer Satisfaction:顧客の満足)が重要視されている。,1,顧客に対するサービス提供については、営業職員の継続訪問によるサービス活動を柱に展開する一方、高度情報化に伴うコンピューターや情報通信機器の発達により、ライフスタイルの変化に対応した顧客との新しい接点を模索し、顧客の系列化や囲い込みを目指しているわけであるが、近年、各企業において、CS(Customer Satisfaction:顧客の満足)が重要視されている。,第4章 2 (3)
90,,情報機器の発達と普及が格段に進む状況のもとで、携帯端末やオンラインシステム等の活用により、顧客・市場情報の蓄積とその高度活用が可能となり、生保会社の販売戦略も、市場情報・顧客情報を重視する体系へと変化してきた。,1,情報機器の発達と普及が格段に進む状況のもとで、携帯端末やオンラインシステム等の活用により、顧客・市場情報の蓄積とその高度活用が可能となり、生保会社の販売戦略も、顧客・市場情報を重視する体系へと変化してきた。,第4章 3 (2)
91,1,生命保険の営業職員に求められる適性能力は、「知能」「数理能力」「言語能力」「書記的能力」と言われている。また、生命保険営業という職務に望まれる性格としては、「自主性」「主体性」「積極性」「粘り強さ」「外向性」「社交性」があげられ、このほかの適格性要素として、「健康」「明確な就労目的」等があげられる。,1,生命保険の営業職員に求められる適性能力は、「知能」「数理能力」「言語能力」「書記的能力」と言われている。また、生命保険営業という職務に望まれる性格としては、「自主性」「主体性」「積極性」「粘り強さ」「外向性」「社交性」があげられ、このほかの適格性要素として、「健康」「明確な就労目的」等があげられる。,第5章 1 (2)
92,1,保険業法により、生命保険会社の使用人として、または生命保険会社の委託を受けて生命保険の募集に従事しようとする者は、生命保険募集人として、生命保険協会の登録を受けなければならない。,0,保険業法により、生命保険会社の使用人として、または生命保険会社の委託を受けて生命保険の募集に従事しようとする者は、生命保険募集人として、内閣総理大臣(金融庁長官に委任)の登録を受けなければならない。,第5章 1 (4)
93,2,近年販売数を伸ばしてきた外貨建保険について、苦情件数も増加した状況を踏まえて追加創設された「外貨建保険販売資格試験」は、「外貨建保険の販売に必要な業務知識」や「苦情縮減に資するコンプライアンス・リテラシー」の向上をカリキュラムの目的としている。,1,近年販売数を伸ばしてきた外貨建保険について、苦情件数も増加した状況を踏まえて追加創設された「外貨建保険販売資格試験」は、「外貨建保険の販売に必要な業務知識」や「苦情縮減に資するコンプライアンス・リテラシー」の向上をカリキュラムの目的としている。,第5章 2 (4)
94,1,専門課程の目的は、保険販売に関連する専門知識と周辺知識を習得し、顧客ニーズへの基本的対応力を高めることにあり、1992年度(平成4年度)に従来の中級専門課程を見直し、従来の上級専門課程の一部を移行する等高度化が図られた。,1,専門課程の目的は、保険販売に関連する専門知識と周辺知識を習得し、顧客ニーズへの基本的対応力を高めることにあり、1992年度(平成4年度)に従来の中級専門課程を見直し、従来の上級専門課程の一部を移行する等高度化が図られた。,第5章 2 (4)
95,1,応用課程の目的は、知識を活かした応用力・実践力を養成するとともに、ファイナンシヤル・プランニング・サービスの提供に必要とされる高度な専門知識を習得することにあり、合格した者に「トータル・ライフ・コンサルタント(TLC)」の称号が与えられる。,0,応用課程の目的は、知識を活かした応用力・実践力を養成するとともに、ファイナンシャル・プランニングに必要な全般的は基礎知識を習得することにあり、合格した者に「シニア・ライフ・コンサルタント(SLC)」の称号が与えられる。,第5章 2 (4)
96,2,変額保険販売の資格要件は、大学課程試験に合格していること、所定の研修を履修していること、変額保険の資格試験(大学課程と同期間実施)に合格し生命保険協会に登録されることである。,0,変額保険販売の資格要件は、専門課程試験に合格していること、所定の研修を履修していること、変額保険の資格試験(専門課程と同期間実施)に合格し生命保険協会に登録されることである。,第5章 2 (4)
97,2,生命保険大学課程の目的は、変額保険販売資格試験の合格者を対象に、ファイナンシャル・プランニング・サービスの提供に必要とされる高度な専門知識を習得することである。所定の全6科目に合格し、生命保険会社からの推薦を受け認定された者に「トータル・ライフ・コンサルタント(TLC) (生命保険協会認定FP)」の称号が与えられる。,0,生命保険大学課程の目的は、応用課程試験の合格者を対象に、ファイナンシャル・プランニング・サービスの提供に必要とされる高度な専門知識を習得することである。所定の全6科目に合格し、生命保険会社からの推薦を受け認定された者に「トータル・ライフ・コンサルタント(TLC) (生命保険協会認定FP)」の称号が与えられる。,第5章 2 (4)
98,1,営業職員資格の基準となる販売成績は、単なる新契約の保険金額・保険料ではなく、保険商品・払込方法・保険期間にしたがって、所定の換算率により評価されるのが一般的である。これは、保険商品によりソルベンシー・マージン比率や販売難易度が異なるからである。,0,営業職員資格の基準となる販売成績は、単なる新契約の保険金額・保険料ではなく、保険商品・払込方法・保険期間にしたがって、所定の換算率により評価されるのが一般的である。これは、保険商品により予定事業費、とくに予定新契約費や販売難易度が異なるからである。,第5章 4 (2)
99,1,営業職員の退職金のうち年金は、ほとんどの場合、勤続15～20年以上の退職者を対象に、主に定年、死亡、 傷病退職の場合に支給される。支給額は退職時の本俸、資格等に応じて決定され、支給期間は勤続年数に応じて5年から終身となっている。,1,営業職員の退職金のうち年金は、ほとんどの場合、勤続15～20年以上の退職者を対象に、主に定年、死亡、 傷病退職の場合に支給される。支給額は退職時の本俸、資格等に応じて決定され、支給期間は勤続年数に応じて5年から終身となっている。,第5章 4 (3)
100,3,営業職員の月例給与に関して、最低賃金法に基づく年齢別最低賃金が生保営業職員に適用されたことを受け、各社とも年齢、資格等に応じた保障額を設定し、当月の給与支給額が保障額に満たない場合は、差額を支給している。,0,営業職員の月例給与に関して、最低賃金法に基づく地域別最低賃金が生保営業職員に適用されたことを受け、各社とも年齢、資格等に応じた保障額を設定し、当月の給与支給額が保障額に満たない場合は、差額を支給している。,第5章 4 (3)
101,,支社の配置は、これまでは管理スパン上の問題や地域社会における店舗サービス機能の発揮ならびにPR効果の観点から、組織がある一定規模までに達すれば支社を集約化するのが一般的であったが、近年ではコス卜・効率化のため逆の傾向がみられる。,0,支社の配置は、これまでは管理スパン上の問題や地域社会における店舗サービス機能の発揮ならびにPR効果の観点から、組織がある一定規模までに達すれば支社を分割化するのが一般的であったが、近年ではコス卜・効率化のため逆の傾向がみられる。,第6章 1 (3)
102,2,営業職員教育の基本は、 集団指導であり、機関長は営業職員個々の性格・能力・習熟度に応じ、能力を引き上げるため、知識・技術等について反復訓練を行う。教育・育成のため、機関に機関長を補佐する、専任スタッフを配置している会社も多い。,0,営業職員教育の基本は、 個別指導であり、機関長は営業職員個々の性格・能力・習熟度に応じ、能力を引き上げるため、知識・技術等について反復訓練を行う。教育・育成のため、機関に機関長を補佐する、専任スタッフを配置している会社も多い。,第6章 2 (1)
103,1,企業保険の販売に際しては、企業保険商品だけでなく、企業の福利厚生制度や企業年金制度に関する幅広い知識が必要であり、さらに保険取引以外にも、融資や株式保有といった財務取引の窓口となるような場合には、人事や総務だけでなく財務・経理部門との交渉を行うこともある。,1,企業保険の販売に際しては、企業保険商品だけでなく、企業の福利厚生制度や企業年金制度に関する幅広い知識が必要であり、さらに保険取引以外にも、融資や株式保有といった財務取引の窓口となるような場合には、人事や総務だけでなく財務・経理部門との交渉を行うこともある。,第6章 3 (1)
104,1,法人営業組織は、企業保険の販売を中心とした活動を行うため、個人保険販売の支援のために担当企業やその関連企業の基盤化を推進することは一切行わない。,0,法人営業組織は、企業保険の販売を中心とした活動を行いつつ、個人保険販売の支援のために担当企業やその関連企業の基盤化を推進している法人営業組織もある。,第6章 3 (2)
105,2,企業保険の販売チャネルとして規模の大きい企業や団体については、専門的かつ広範なスキルが要求されるため、本社直轄の販売組織を設置する会社もある。このような組織は通常、内務職員で構成され、企業グループや業種、官公庁等のマーケットごとに設置されているのが一般的である。,1,企業保険の販売チャネルとして規模の大きい企業や団体については、専門的かつ広範なスキルが要求されるため、本社直轄の販売組織を設置する会社もある。このような組織は通常、内務職員で構成され、企業グループや業種、官公庁等のマーケットごとに設置されているのが一般的である。,第6章 3 (2)
106,3,生命保険会社と代理店委託契約を結んだ募集代理店には、個人募集代理店と法人募集代理店があり、また大きくは専業型と乗合型とに分かれるが、その属性や活動手法等は様々となっている。,0,生命保険会社と代理店委託契約を結んだ募集代理店には、個人募集代理店と法人募集代理店があり、また大きくは専業型と兼業型とに分かれるが、その属性や活動手法等は様々となっている。,第6章 4 (1)
107,2,生命保険会社と委託契約を結び、その生命保険商品を紹介する紹介代理店は、1996年(平成8年)の生損保相互参入や2001年(平成13年)の銀行による保険販売の解禁およびその後の段階的な取扱商品の拡大等を経て、生命保険募集チャネルとしての位置づけが高まってきている。,0,生命保険会社と委託契約を結び、その生命保険商品を代理販売する募集代理店は、1996年(平成8年)の生損保相互参入や2001年(平成13年)の銀行による保険販売の解禁およびその後の段階的な取扱商品の拡大等を経て、生命保険募集チャネルとしての位置づけが高まってきている。,第6章 4 (1)
108,1,銀行窓販による生命保険販売の増加に伴い、銀行等金融機関代理店の販売サポートに特化した代理店営業組織を設置する会社も増えてきている。銀行等金融機関を専門的にサポートする担当者は一般的に「ホールセラー」と呼称され、自社商品の研修・販売支援に加え、マーケティング支援やセミナー開催等幅広い業務を行うこともある。,1,銀行窓販による生命保険販売の増加に伴い、銀行等金融機関代理店の販売サポートに特化した代理店営業組織を設置する会社も増えてきている。銀行等金融機関を専門的にサポートする担当者は一般的に「ホールセラー」と呼称され、自社商品の研修・販売支援に加え、マーケティング支援やセミナー開催等幅広い業務を行うこともある。,第6章 4 (2)
